id,temporada,liga,PSxG,PSxG+/-,psxg_goals_faced,shots_on_target_faced
6govmi3dn4cxa3m0lyeqc1uj9,2025-2026,Bundesliga,68.11,9.11,59,181
a79ojcztkvgui9sw4zbkmvr3d,2025-2026,Bundesliga,67.07,2.07,65,186
4zfgh6wq7svx418tzwf0gfavp,2025-2026,Bundesliga,60.01,-2.99,63,156
1ljgis575ujto4361ed15w0r9,2025-2026,Bundesliga,58.3,7.3,51,185
f2ibn3ej2doay3b4u8ezeix62,2025-2026,Bundesliga,56.83,-10.17,67,166
8b60vtt1stnmt2uoj0f4lh49h,2025-2026,Bundesliga,55.93,2.93,53,160
d3xdl3p9vd1c0m316oq2pblxx,2025-2026,Bundesliga,55.57,7.57,48,155
d2gbcc336c4zatpiif4cvm2fp,2025-2026,Bundesliga,55.38,-3.62,59,164
6gjlcd7rzi3p74qwvj7ia6esq,2025-2026,Bundesliga,53.58,-2.42,56,155
39yc76urwnda0ze6qb9h00ine,2025-2026,Bundesliga,53.32,-0.68,54,155
cm8po8ez5w9ms01gid6w3kwk5,2025-2026,Bundesliga,48.89,-3.11,52,145
8l1mv5qd9vwade754v3l8epjp,2025-2026,Bundesliga,43.28,-9.72,53,126
9rjd95oqotnalxmv56v7p1r6d,2025-2026,Bundesliga,40.06,6.06,34,120
920yurg08gqayxwc80q9f8ixh,2025-2026,Bundesliga,34.39,-2.61,37,115
4l3qk2g87pa3bevo2nlwkf3rp,2025-2026,Bundesliga,33.86,7.86,26,96
7llxni56g8q0yt33vhp1pt3o5,2025-2026,Bundesliga,31.4,-1.6,33,96
3tb27261f8mpzpq3prpv8ng0l,2025-2026,Bundesliga,29.24,-2.76,32,84
5rnmjho9ntzolo7ogkhyaey38,2025-2026,Bundesliga,24.9,-6.1,31,68
91n9wzn3qq2789zq8vdmfrd62,2025-2026,Bundesliga,18.15,3.15,15,46
64pzn3jdqo6y2izlpm8n3tvpx,2025-2026,Bundesliga,17.89,-2.11,20,50
jflu7a5n4f3ezoj20z0kje5m,2025-2026,Bundesliga,16.29,2.29,14,45
axcrcuv22693vn0a887samsph,2025-2026,Bundesliga,14.41,5.41,9,50
ci1nu5z8aiiikco8af0zk1lud,2025-2026,Bundesliga,12.94,-0.06,13,45
3wsyacqj7ci0ga9bzb988v7qh,2025-2026,Bundesliga,9.78,-2.22,12,25
ijttr9nlo90ugxg03kyv7pxw,2025-2026,Bundesliga,6.14,2.14,4,19
5tgzf5zjpgsj1bk5nm2zakg5x,2025-2026,Bundesliga,4.88,0.88,4,14
e36lcgg2vegiecbez2j15fl9m,2025-2026,Bundesliga,4.49,0.49,4,15
bwzftrovpa0418aapl98og7l6,2025-2026,Bundesliga,1.87,0.87,1,8
9sexp3trzdm6h50dk2y9hrjl5,2025-2026,Bundesliga,1.48,1.48,0,6
br2uswvdgoj7ndkx7mnbwgyd,2025-2026,Bundesliga,1.3,0.3,1,7
7w4l5mrrrg66wvdd8ndb5zb9x,2025-2026,English Premier League,66.34,-0.66,67,192
5z8ycnd0smdkumi5fgtzf7c9h,2025-2026,English Premier League,52.25,7.25,45,143
e8dina16u5kt5ho4u5igtmimt,2025-2026,English Premier League,50.21,5.21,45,144
d9yxninyn4bac8f0ufxsnlqll,2025-2026,English Premier League,49.0,3.0,46,135
dpw4s6nbkfcrjlqxxgf9j5yhh,2025-2026,English Premier League,48.14,4.14,44,141
bcfzovs0pj9urgv9r0ykjnlrd,2025-2026,English Premier League,47.77,-1.23,49,149
2f79rc4i712sxstahjkq6pxp1,2025-2026,English Premier League,45.64,-1.36,47,140
3wwi5vf2l1qbz7e5zdjoy8yga,2025-2026,English Premier League,44.13,6.13,38,134
6h0fuh0aamz86pf25qebm0fvu,2025-2026,English Premier League,43.46,1.46,42,145
h12c7ocq35slzrop3ltnrsnp,2025-2026,English Premier League,40.86,-9.14,50,133
3zl1q2gk6tdmzirsyfgm38no5,2025-2026,English Premier League,39.95,0.95,39,133
398isvyux7zpjiwa2hzsxyc16,2025-2026,English Premier League,38.08,3.08,35,108
9eaevg9okpy4gcm6yofg7vbv9,2025-2026,English Premier League,37.8,1.8,36,108
2vgr8c97x4b2e51tyvvixusid,2025-2026,English Premier League,35.03,4.03,31,118
4cetkl0w2uq40ccti5ka6a4t1,2025-2026,English Premier League,31.78,3.78,28,102
9s9i1a7hdq5bud8ma2dqi295h,2025-2026,English Premier League,31.61,-2.39,34,111
71rob1lsnmdviy1siakkzpqdx,2025-2026,English Premier League,30.52,-4.48,35,89
dve7yj8usejn9x7pmdjvozje1,2025-2026,English Premier League,25.51,-3.49,29,66
53d0pvr7ylvfhp6p749iniqc5,2025-2026,English Premier League,25.25,-4.75,30,83
4iijb6llnz28unsz4rirr3umt,2025-2026,English Premier League,24.97,-0.03,25,84
cnoomjxp6tna0mx2ycuptgixh,2025-2026,English Premier League,21.29,-1.71,23,74
eobf6cct1dpm7bdqyatg6ejmx,2025-2026,English Premier League,19.46,-3.54,23,69
20o2dr1mdk18xhxmkujzgak89,2025-2026,English Premier League,18.04,0.04,18,52
5frs9u0spep2j3gszu06awo9h,2025-2026,English Premier League,17.3,-2.7,20,59
6yovfcug6e9hykfauqy0fq67d,2025-2026,English Premier League,16.24,0.24,16,41
5cs6o0g04558bdb1gehmc3ht5,2025-2026,English Premier League,10.59,-0.41,11,24
5pbnl8ssfcrxf9lfg1pl3vxzp,2025-2026,English Premier League,8.45,1.45,7,14
7h2icfuwy00ilm14dw5xyl5g5,2025-2026,English Premier League,7.77,-0.23,8,24
5d6d4oc2rpau0mbbbt2dmtzv9,2025-2026,English Premier League,5.86,1.86,4,12
1c4nu9s3t3p83pufjf3n3xqay,2025-2026,English Premier League,5.44,1.44,4,15
465ote63ku4expl5kfdck5plh,2025-2026,English Premier League,4.8,-3.2,8,14
7rnd1uiknmho0s7a0objtnlcl,2025-2026,English Premier League,4.63,0.63,4,13
5qc2hwkixcdpfbq6qmfpxvey2,2025-2026,English Premier League,4.37,-0.63,5,12
7iv79dtpsplpjl1jxod3swmlm,2025-2026,English Premier League,2.81,0.81,2,12
eiqcjlj9kmitoj8g50vaglawa,2025-2026,English Premier League,2.08,-0.92,3,10
1b70inwbybewkz0b07gzughec,2025-2026,English Premier League,1.53,-0.47,2,7
9hl2v867qfg6nzsdadb8wu7e1,2025-2026,English Premier League,0.98,-1.02,2,3
3rtuz9v8j72g7582pqbuaijf9,2025-2026,English Premier League,0.84,-0.16,1,1
a56woizbe4g6jpl3fg4tlgno5,2025-2026,English Premier League,0.29,0.29,0,3
1j75xt37w8q04ixbyjwhtfh05,2025-2026,LaLiga,61.84,5.84,56,202
bahph7009sc73jl6s2bramn6d,2025-2026,LaLiga,55.15,4.15,51,177
7jtc6yk5xu4cm1an97wrgozbp,2025-2026,LaLiga,54.5,3.5,51,138
4vlurpsi44g09g159t61u83bp,2025-2026,LaLiga,51.81,-0.19,52,147
7udphhcokm6vralyz5gkovxsl,2025-2026,LaLiga,51.5,-0.5,52,166
c7i0lduij4vsnluxisdnaxsk5,2025-2026,LaLiga,51.44,-1.56,53,144
w503zyr8ipyobglth281uklx,2025-2026,LaLiga,50.15,-2.85,53,147
5qh2kdatvb03o8oiqvkaaxje2,2025-2026,LaLiga,49.13,3.13,46,140
eavhyxb9dfjh0jp5yzg8p8udx,2025-2026,LaLiga,48.28,3.28,45,157
amjegysk3et638l4od103c7o5,2025-2026,LaLiga,47.8,2.8,45,160
6wplm29z7qxxmujyc2ml19gix,2025-2026,LaLiga,46.67,0.67,46,148
vota9gwygxp3wc998tl7ldxx,2025-2026,LaLiga,44.58,9.58,35,143
9h6xf4ac4rpsjpummcdx26z9,2025-2026,LaLiga,37.15,1.15,36,126
2yt9oajv9dkbju8tgy1g2nmqd,2025-2026,LaLiga,32.95,1.95,31,94
routhh0ialijcg3egagouig9,2025-2026,LaLiga,31.4,-0.6,32,113
5f8kjgsaabn2li5r7bvpebbsa,2025-2026,LaLiga,30.83,10.83,20,92
4mxx1oxkiexm0ha34utcmb17t,2025-2026,LaLiga,29.94,1.94,28,83
6ddxujeb3873j5evwiz8n4wt0,2025-2026,LaLiga,29.35,1.35,28,99
1tctbwsidibct7wphjgv8mdm2,2025-2026,LaLiga,27.98,-1.02,29,81
6crmq7vzqts58wg196q48sc7p,2025-2026,LaLiga,27.08,2.08,25,88
8rgy29sd9okehwq8bzyb3v0t1,2025-2026,LaLiga,24.07,-3.93,28,85
5dfvefxvwj8kixbajluw25mtx,2025-2026,LaLiga,23.75,3.75,20,66
6ofu6yc2qwp5ii9cerdq1tk9h,2025-2026,LaLiga,13.61,1.61,12,30
26atxu4fr8f87oi8mt6z70mhh,2025-2026,LaLiga,10.63,-0.37,11,40
4ffmlhvbjvfjjnhr0byktvt62,2025-2026,LaLiga,10.22,-2.78,13,35
7drgir9lcwfst8vxz07jboe6t,2025-2026,LaLiga,8.18,0.18,8,27
2f49etxdi4l2tsobpmsg5i5pm,2025-2026,LaLiga,8.05,1.05,7,22
9xhbpn45z9wvjidbmparzkdm1,2025-2026,LaLiga,7.64,1.64,6,16
38bp85766w04a0nuulq5fiig9,2025-2026,LaLiga,6.55,-0.45,7,23
cfc7fqq748bz3nklfam2a2fp,2025-2026,LaLiga,6.08,-0.92,7,16
3072da88jl9fou9gi2c5j3bx0,2025-2026,LaLiga,4.42,0.42,4,14
2e55g4q93y382cg7h0yk5rtud,2025-2026,LaLiga,2.56,0.56,2,6
9jhm9qxoeqad7lm5i2nemgwes,2025-2026,LaLiga,2.54,-2.46,5,7
15no5m0njma23gf0ygu9agt05,2025-2026,LaLiga,2.26,0.26,2,4
d3mss0i879krqrk1owzmj2c45,2025-2026,Ligue 1,49.43,0.43,49,146
b20lp3ufi88q4pckp39hsjbsa,2025-2026,Ligue 1,49.38,-3.62,53,141
89sv092huj2obzdazmft854a1,2025-2026,Ligue 1,47.32,2.32,45,133
btyk45f7gmz3ck2dafpp22yg9,2025-2026,Ligue 1,45.62,10.62,35,155
25cggz2egeqce47yijxadsslx,2025-2026,Ligue 1,44.33,0.33,44,130
47vs05b8xlhvx5sqo2t5kys4,2025-2026,Ligue 1,44.21,2.21,42,144
cglp4k40r1t672m7j0eb5ktsl,2025-2026,Ligue 1,40.73,6.73,34,133
13nrptzjshlqnkuf92vumefx0,2025-2026,Ligue 1,39.72,-4.28,44,127
c6u4h9wy88ymj6whiz93jknv9,2025-2026,Ligue 1,39.66,2.66,37,117
4sz26vstr6b7b110eri7f42jt,2025-2026,Ligue 1,39.27,7.27,32,110
6790uxmc1zs4emxtqf7vl6imt,2025-2026,Ligue 1,39.21,1.21,38,110
3zkkrq8sph1lo23bt8d1nz10,2025-2026,Ligue 1,38.69,3.69,35,113
btm657ozudwbxx16twjs0vp49,2025-2026,Ligue 1,34.1,-0.9,35,107
eaf4b3le808xp7j4rejomxf55,2025-2026,Ligue 1,32.8,1.8,31,100
1lgrnaje6y7un5dzzll84p91,2025-2026,Ligue 1,31.47,-0.53,32,103
7obuhegyo1qcoikt23egcsr85,2025-2026,Ligue 1,29.42,2.42,27,82
a1q3mystvi6gkv7tjrn75kw6h,2025-2026,Ligue 1,23.82,-2.18,26,75
cg6h7oq0b5zpx1g4brhzyk1xx,2025-2026,Ligue 1,19.33,-1.67,21,64
e8o145zyrt1h2l7ywh80lt8no,2025-2026,Ligue 1,17.03,-2.97,20,49
d5ecnjd6h89iepxrvrlfn97ft,2025-2026,Ligue 1,16.61,-1.39,18,48
ewac2m2xz0f48zotr0wv8565m,2025-2026,Ligue 1,16.34,-4.66,21,48
3yk6n0wr6nc0dlm51gwvwi4t1,2025-2026,Ligue 1,14.08,-0.92,15,34
8h5jl1u3p8sr2pwdmyxl14416,2025-2026,Ligue 1,13.68,1.68,12,45
drmudc3n93faawruj8ct3bwmh,2025-2026,Ligue 1,13.53,1.53,12,46
2fvrc1kbl7k48il02ekwiqove,2025-2026,Ligue 1,7.88,-0.12,8,18
4odeml6s5vm38m9u7tnh6n8id,2025-2026,Ligue 1,7.47,-2.53,10,23
9s90f4r3095h8mefzmpuut51x,2025-2026,Ligue 1,6.03,3.03,3,18
ctygavkrblcxra880nwej0bf9,2025-2026,Ligue 1,5.91,3.91,2,16
2npgr2t9a1tdqvomg3khczl78,2025-2026,Ligue 1,5.4,-1.6,7,13
a065rtv2lfh0rso33dfuah4ut,2025-2026,Ligue 1,4.75,-3.25,8,15
bxcwnf87pf8ijzbxy70ewcfe1,2025-2026,Ligue 1,2.92,-0.08,3,7
6k51ka2qv5ge2ibrb4o5bin6d,2025-2026,Ligue 1,2.9,0.9,2,13
wumjn7yf33t74gyzbqd7qc4,2025-2026,Ligue 1,2.69,0.69,2,5
3qapyusjivhr8pi16nc8i3otm,2025-2026,Ligue 1,2.53,-1.47,4,11
dfj6h4z1n57r3zbb196qcp7h0,2025-2026,Ligue 1,0.93,-0.07,1,3
8zqi2djo2ip5s90mgpg8q7384,2025-2026,Ligue 1,0.85,-2.15,3,3
3je152n5s5fjtbrxs9v8dn1lh,2025-2026,Ligue 1,0.65,-0.35,1,2
9ldz2updrruze1tkw0erfr3dh,2025-2026,Ligue 1,0.24,0.24,0,2
9pryazv5qz8bml8o0wh320goa,2025-2026,Primeira Liga,54.18,2.18,52,162
d0d0xs40nmzpow78nvmg9cfyt,2025-2026,Primeira Liga,53.31,0.31,53,149
ax5fuknlz3zc3fcesya61iod1,2025-2026,Primeira Liga,49.68,-3.32,53,135
f16314ea0rlqw9nnpu8qewmp5,2025-2026,Primeira Liga,45.89,-0.11,46,126
a4rbrzom0u87sk3uc15sxndg5,2025-2026,Primeira Liga,42.15,5.15,37,111
6zc6cs596hufgbhu6jv3g2o2y,2025-2026,Primeira Liga,37.48,5.48,32,106
byk4cll4gdgp2n5ocxrb5j1t5,2025-2026,Primeira Liga,37.39,-0.61,38,113
59j04iaaq4ncqjtej3pks1gk4,2025-2026,Primeira Liga,36.67,2.67,34,120
b3p7a0bhdbcpi5e77hogntnca,2025-2026,Primeira Liga,36.59,-2.41,39,109
5mkvjxxs4ij4ppkmzqblqkh9m,2025-2026,Primeira Liga,36.17,0.17,36,113
6eidlv9qagadx0luxb2uclfbp,2025-2026,Primeira Liga,36.1,7.1,29,123
8pd7rkac98cx4xgnz2u12c3x1,2025-2026,Primeira Liga,32.33,3.33,29,91
6ychdeky58nj22ykambacsp62,2025-2026,Primeira Liga,29.77,5.77,24,83
s96k2x2cts0vo6y6aaeui5zp,2025-2026,Primeira Liga,29.26,8.26,21,96
3i53phcjc5vwe7i0m9pqjo3fu,2025-2026,Primeira Liga,27.27,4.27,23,95
azygs4m332liu58yzvu5zwdsl,2025-2026,Primeira Liga,22.43,-3.57,26,58
d79vlrccz170hzdh35nhsf1ed,2025-2026,Primeira Liga,18.65,5.65,13,72
3mp7wghcalu9g3wxbqb9eqga,2025-2026,Primeira Liga,18.26,-5.74,24,48
25n2vrjnz5qsm5pigyn3ps8vd,2025-2026,Primeira Liga,17.84,-3.16,21,60
664x98r3mbynnh19u1cx984q,2025-2026,Primeira Liga,17.72,6.72,11,59
bphvc5tdx15teivstsdfrxy7e,2025-2026,Primeira Liga,17.66,-0.34,18,62
8lv60zbly3xz43g9hm2s7oqcq,2025-2026,Primeira Liga,14.55,-2.45,17,39
dz789stcx4dsr9tqt4fjdshuy,2025-2026,Primeira Liga,12.23,-2.77,15,40
eubzxwokg6nzftjd3myxsyfv9,2025-2026,Primeira Liga,11.38,-0.62,12,39
1ocxh5s9uo0s8ag79j7iv6acp,2025-2026,Primeira Liga,11.21,-2.79,14,36
1du03mqsc0o6i4e64n7pzr6ui,2025-2026,Primeira Liga,10.6,-0.4,11,39
95dg0qwoxixqy438i1ftlevze,2025-2026,Primeira Liga,10.55,-0.45,11,39
4xnor5gc2lnpk1siip7yj4lih,2025-2026,Primeira Liga,9.43,-2.57,12,27
9cb30ii6vuythtugob7ub64tl,2025-2026,Primeira Liga,7.52,-2.48,10,28
cb8o8l688w6ozwhklub9ftxbd,2025-2026,Primeira Liga,6.64,-1.36,8,17
34fm990bf5wm1xkdig1pjon6y,2025-2026,Primeira Liga,5.05,2.05,3,12
bfm9vh630pkwniqogdrwbiqcp,2025-2026,Primeira Liga,4.87,-2.13,7,14
chfqy504a1mnfs67pbdbk0jfu,2025-2026,Primeira Liga,2.63,1.63,1,11
4k2wic25asdlmuqr17e3s6nkl,2025-2026,Primeira Liga,2.41,-0.59,3,9
5p6vqpchuts1foxujoyhiy7l5,2025-2026,Primeira Liga,1.92,-0.08,2,4
xbk4zraauvq1cj1w5yz08kb9,2025-2026,Primeira Liga,1.82,-1.18,3,6
7rvlba00jv66w7wtdmk178a95,2025-2026,Primeira Liga,1.19,0.19,1,4
4a7hhg491ad5uigot8tvjih3o,2025-2026,Primeira Liga,1.15,0.15,1,2
13v6oehv7fd26bkz81qthlyc4,2025-2026,Primeira Liga,1.12,1.12,0,7
c3pxiexbciif7uu845ivx5hhx,2025-2026,Primeira Liga,1.01,-0.99,2,3
6mtx7jztxk73fd6tv7fvjbml0,2025-2026,Primeira Liga,0.67,-0.33,1,2
3nfxhugbxid6o0r92txslivh1,2025-2026,Serie A,53.61,6.61,47,152
ab420lzne042a3e3b2lfmy5ii,2025-2026,Serie A,52.22,1.22,51,167
e00004wkpfc8jawioejmpu1n9,2025-2026,Serie A,50.43,2.43,48,167
2k18wcecasfnrys3vm9sm2lt5,2025-2026,Serie A,49.12,8.12,41,159
eu9b86opw6n66vftu1r5alfqh,2025-2026,Serie A,46.03,13.03,33,142
e2dn4s6p2f6xnbaje17wd3jyt,2025-2026,Serie A,44.56,0.56,44,164
a8s8bl5kp1rif458yt3qlevo5,2025-2026,Serie A,41.12,0.12,41,119
3fpnfgoy4lbpapv2th6g60cet,2025-2026,Serie A,40.9,8.9,32,126
c7fky0h6gi7wmibnv2tzf6mz9,2025-2026,Serie A,39.54,-8.46,48,126
el58uxf7oaqu95yx1vbgmr7it,2025-2026,Serie A,35.51,4.51,31,133
70ps22rygrlq3msxgwmesowyx,2025-2026,Serie A,35.48,0.48,35,107
r0hm6ahwcvdu57bgfi5zkslx,2025-2026,Serie A,33.77,5.77,28,113
8n4rruxbnzvjgdomxslnmcno5,2025-2026,Serie A,33.33,6.33,27,115
lytldf000kafs2h6g92esfrp,2025-2026,Serie A,33.16,-6.84,40,113
9dc7uictce9dq0tbphn74qz85,2025-2026,Serie A,29.2,3.2,26,84
2mfunwzltzdnmzlcjyvx752i,2025-2026,Serie A,27.87,0.87,27,93
9m6yva52cmdq7uu31qrwdrund,2025-2026,Serie A,27.19,2.19,25,75
bagn0ce4xunsiz3mezrtqx1p1,2025-2026,Serie A,26.4,-3.6,30,91
5syage212151fcixahbq3k8ut,2025-2026,Serie A,25.38,1.38,24,79
b3hr4q25jvqr7565z5ydqylt5,2025-2026,Serie A,22.91,-0.09,23,82
ais3wh8wz8oeyjpwv84o4ybfu,2025-2026,Serie A,19.66,1.66,18,61
9pgr69ub37hmr76gwbfw7lhw5,2025-2026,Serie A,18.74,-0.26,19,63
17iqlyu99zttyubi6ya6yu9cl,2025-2026,Serie A,14.04,0.04,14,27
4hrmzpx1nt5ze55fpby71mcb9,2025-2026,Serie A,13.37,-1.63,15,47
cuc7gtr9q0465wxmzgq834ag9,2025-2026,Serie A,13.24,-4.76,18,41
af58rhtg8ck7c8g7nwfs67d91,2025-2026,Serie A,9.94,-2.06,12,31
3pcf58m2hgktlm15elgdyut3p,2025-2026,Serie A,9.52,-4.48,14,26
2os2xde8tdxbpamab8kngnhuc,2025-2026,Serie A,8.62,-1.38,10,33
93237ztqyi3r4hu3rmgzrgudx,2025-2026,Serie A,8.07,1.07,7,22
3o573dblmfc1o3wkkt2nva8k5,2025-2026,Serie A,6.12,-0.88,7,17
9kp0q3f77gz8f5e2qumj6kpyi,2025-2026,Serie A,5.96,-3.04,9,21
c2ezyc2fftje7rcm5ybbuytp1,2025-2026,Serie A,4.93,-2.07,7,15
5jfy7133kfbmyl8ur6ze9y2ju,2025-2026,Serie A,3.8,0.8,3,13
4b6mhmoeo78f8x928q2imp591,2025-2026,Serie A,2.6,-0.4,3,8
1bz1zdxmtx5oxipvukpg7svmc,2025-2026,Serie A,2.55,0.55,2,9
3yqxkw0tqpoucur51ieh9xdrd,2025-2026,Serie A,2.17,1.17,1,10
9otimgokxyef8248fo7h8msq,2025-2026,Serie A,1.67,-0.33,2,7
al3t9fzj4ab55yux0zkd1jkr9,2025-2026,Serie A,1.61,0.61,1,4
824rbovqk1q9ta7i4dzo26bmy,2025-2026,Serie A,0.75,0.75,0,4
2udciji4n7tr07ft7twe2r9w5,2025-2026,Serie A,0.3,0.3,0,4
ezsqr7bc70n69t97uvdsxvsut,2024-2025,Bundesliga,58.16,-5.84,64,169
a79ojcztkvgui9sw4zbkmvr3d,2024-2025,Bundesliga,52.24,4.24,48,137
cm8po8ez5w9ms01gid6w3kwk5,2024-2025,Bundesliga,49.85,-1.15,51,138
7llxni56g8q0yt33vhp1pt3o5,2024-2025,Bundesliga,48.2,-5.8,54,156
9rjd95oqotnalxmv56v7p1r6d,2024-2025,Bundesliga,47.55,1.55,46,129
6govmi3dn4cxa3m0lyeqc1uj9,2024-2025,Bundesliga,47.47,9.47,38,135
3tb27261f8mpzpq3prpv8ng0l,2024-2025,Bundesliga,46.37,7.37,39,137
ci1nu5z8aiiikco8af0zk1lud,2024-2025,Bundesliga,45.47,4.47,41,142
d3xdl3p9vd1c0m316oq2pblxx,2024-2025,Bundesliga,44.85,-7.15,52,136
e780cuuryoan93kdblrmbvy09,2024-2025,Bundesliga,43.82,-15.18,59,140
5ysw8ditixnietm3lejwmw4id,2024-2025,Bundesliga,43.54,-2.46,46,99
8l1mv5qd9vwade754v3l8epjp,2024-2025,Bundesliga,40.37,4.37,36,111
7obuhegyo1qcoikt23egcsr85,2024-2025,Bundesliga,36.86,3.86,33,117
6gjlcd7rzi3p74qwvj7ia6esq,2024-2025,Bundesliga,35.35,-1.65,37,120
cg6h7oq0b5zpx1g4brhzyk1xx,2024-2025,Bundesliga,35.14,0.14,35,118
1ljgis575ujto4361ed15w0r9,2024-2025,Bundesliga,30.44,7.44,23,92
9xbl325job7p6u215tb79kcq2,2024-2025,Bundesliga,25.93,-6.07,32,74
d2gbcc336c4zatpiif4cvm2fp,2024-2025,Bundesliga,25.79,8.79,17,82
3z6ekzop4y7cjuatzz9ua74k5,2024-2025,Bundesliga,25.51,-3.49,29,76
1wc5njhtvcy48rb0mzwyp0wd1,2024-2025,Bundesliga,19.66,1.66,18,55
224uan6ugjt7b2c1zsxrs2pcl,2024-2025,Bundesliga,19.55,-2.45,22,54
64pzn3jdqo6y2izlpm8n3tvpx,2024-2025,Bundesliga,13.9,-1.1,15,45
6k3daudjhieulsgywbt9uoep6,2024-2025,Bundesliga,12.31,-1.69,14,35
5rnmjho9ntzolo7ogkhyaey38,2024-2025,Bundesliga,11.78,0.78,11,46
5bzowvtg5vhntcx1w3roriehh,2024-2025,Bundesliga,10.95,-4.05,15,30
91n9wzn3qq2789zq8vdmfrd62,2024-2025,Bundesliga,10.57,-1.43,12,28
dvo2f7d0yosn404wsrsgeprdh,2024-2025,Bundesliga,9.98,-3.02,13,28
8avzr6g3ia2hxlxux4ikecus5,2024-2025,Bundesliga,8.46,3.46,5,23
jflu7a5n4f3ezoj20z0kje5m,2024-2025,Bundesliga,6.03,-2.97,9,21
beo6lzzazgiwduva1xjrwnrbo,2024-2025,Bundesliga,5.35,2.35,3,23
cs4aca71qkt1ru20ppmi6djl6,2024-2025,Bundesliga,4.48,0.48,4,16
2jrntrq2x714pviioh3jnkted,2024-2025,Bundesliga,4.0,0.0,4,11
5y4i3tmhz8p24vfhccjzg5n8p,2024-2025,Bundesliga,3.4,-1.6,5,7
r7sq96qtikh2wyng08vyunvu,2024-2025,Bundesliga,2.03,0.03,2,5
3wsyacqj7ci0ga9bzb988v7qh,2024-2025,Bundesliga,1.73,-0.27,2,8
ijttr9nlo90ugxg03kyv7pxw,2024-2025,Bundesliga,0.39,0.39,0,2
6yovfcug6e9hykfauqy0fq67d,2024-2025,English Premier League,66.08,0.08,66,188
eobf6cct1dpm7bdqyatg6ejmx,2024-2025,English Premier League,55.91,0.91,55,155
5z8ycnd0smdkumi5fgtzf7c9h,2024-2025,English Premier League,52.17,4.17,48,150
920yurg08gqayxwc80q9f8ixh,2024-2025,English Premier League,51.14,-1.86,53,203
2vgr8c97x4b2e51tyvvixusid,2024-2025,English Premier League,50.81,4.81,46,165
e8dina16u5kt5ho4u5igtmimt,2024-2025,English Premier League,50.59,6.59,44,163
3wwi5vf2l1qbz7e5zdjoy8yga,2024-2025,English Premier League,49.32,-6.68,56,143
3zl1q2gk6tdmzirsyfgm38no5,2024-2025,English Premier League,48.09,1.09,47,147
2f79rc4i712sxstahjkq6pxp1,2024-2025,English Premier League,47.84,-4.16,52,159
8kttsnok9bbh7kpy3zz3j2xg5,2024-2025,English Premier League,46.26,3.26,43,132
71rob1lsnmdviy1siakkzpqdx,2024-2025,English Premier League,40.92,-5.08,46,117
6j3wbk9xlq4om4m8ih6b3tyvp,2024-2025,English Premier League,40.24,1.24,39,134
d9yxninyn4bac8f0ufxsnlqll,2024-2025,English Premier League,39.46,5.46,34,127
h12c7ocq35slzrop3ltnrsnp,2024-2025,English Premier League,37.8,2.8,35,102
4iijb6llnz28unsz4rirr3umt,2024-2025,English Premier League,36.19,2.19,34,120
9eaevg9okpy4gcm6yofg7vbv9,2024-2025,English Premier League,35.07,-2.93,38,115
9s9i1a7hdq5bud8ma2dqi295h,2024-2025,English Premier League,34.59,1.59,33,120
2k18wcecasfnrys3vm9sm2lt5,2024-2025,English Premier League,29.95,-3.05,33,100
23637o19ff0sw18pqv8g96ndh,2024-2025,English Premier League,29.32,4.32,25,78
53d0pvr7ylvfhp6p749iniqc5,2024-2025,English Premier League,28.84,1.84,27,100
4hahqn1e8ds6pxqg3do71p1ih,2024-2025,English Premier League,23.07,-4.93,28,71
eagrmpe9ft8daly57l1ja8lhx,2024-2025,English Premier League,20.08,-0.92,21,71
5d6d4oc2rpau0mbbbt2dmtzv9,2024-2025,English Premier League,16.92,-0.08,17,50
bg9aayv3d1y0qxgqrdohnrcdm,2024-2025,English Premier League,16.67,0.67,16,44
4905drgcc9husos98ppdup4gl,2024-2025,English Premier League,15.99,-3.01,19,39
8wz5pdydepr5kzcichz17pv4l,2024-2025,English Premier League,15.67,0.67,15,42
d3p7p18i2ybzlwz5p5gjdd239,2024-2025,English Premier League,12.81,-0.19,13,37
5frs9u0spep2j3gszu06awo9h,2024-2025,English Premier League,12.57,-3.43,16,39
7w4l5mrrrg66wvdd8ndb5zb9x,2024-2025,English Premier League,12.45,0.45,12,41
dpw4s6nbkfcrjlqxxgf9j5yhh,2024-2025,English Premier League,12.12,0.12,12,37
eiqcjlj9kmitoj8g50vaglawa,2024-2025,English Premier League,10.53,1.53,9,28
5qc2hwkixcdpfbq6qmfpxvey2,2024-2025,English Premier League,10.44,1.44,9,32
12l99v9rpet6ug6n121tg6ay1,2024-2025,English Premier League,8.88,3.88,5,25
5cs6o0g04558bdb1gehmc3ht5,2024-2025,English Premier League,8.65,-0.35,9,17
9g45z234d8mk5w4av5fjrx32t,2024-2025,English Premier League,7.54,0.54,7,20
1um5sa7iogc29aadvkabadyad,2024-2025,English Premier League,4.08,2.08,2,13
5pbnl8ssfcrxf9lfg1pl3vxzp,2024-2025,English Premier League,3.36,-0.64,4,12
5h2biadv4hd2ntcd7zo2c8639,2024-2025,English Premier League,3.14,-2.86,6,10
4myy5br8yj5678xlji3up1ryt,2024-2025,English Premier League,3.04,-0.96,4,9
8y8d2dd469x9q0lc7qfyxypyh,2024-2025,English Premier League,1.97,-0.03,2,4
9hl2v867qfg6nzsdadb8wu7e1,2024-2025,English Premier League,0.84,-0.16,1,4
31xsuz1icsj7zt1462swjpk2d,2024-2025,English Premier League,0.5,-0.5,1,4
3mctpepmqunc1a8zro2nq1wtm,2024-2025,English Premier League,0.1,0.1,0,1
5f8kjgsaabn2li5r7bvpebbsa,2024-2025,LaLiga,58.77,8.77,50,192
e36lcgg2vegiecbez2j15fl9m,2024-2025,LaLiga,55.77,-11.23,67,163
amjegysk3et638l4od103c7o5,2024-2025,LaLiga,55.65,4.65,51,182
bahph7009sc73jl6s2bramn6d,2024-2025,LaLiga,49.21,2.21,47,150
eavhyxb9dfjh0jp5yzg8p8udx,2024-2025,LaLiga,45.85,-4.15,50,142
vota9gwygxp3wc998tl7ldxx,2024-2025,LaLiga,43.72,4.72,39,126
20o2dr1mdk18xhxmkujzgak89,2024-2025,LaLiga,43.7,-1.3,45,136
8k88isvd2hwr5e4gn9oxzr2t,2024-2025,LaLiga,43.65,-4.35,48,127
alkcbccyfsjddm897cgz7wel1,2024-2025,LaLiga,43.43,3.43,40,128
9h6xf4ac4rpsjpummcdx26z9,2024-2025,LaLiga,39.43,1.43,38,133
w503zyr8ipyobglth281uklx,2024-2025,LaLiga,38.2,-4.8,43,130
c7i0lduij4vsnluxisdnaxsk5,2024-2025,LaLiga,37.79,0.79,37,112
4sz26vstr6b7b110eri7f42jt,2024-2025,LaLiga,35.59,2.59,33,116
cfc7fqq748bz3nklfam2a2fp,2024-2025,LaLiga,35.21,-2.79,38,112
6crmq7vzqts58wg196q48sc7p,2024-2025,LaLiga,31.75,3.75,28,104
2yt9oajv9dkbju8tgy1g2nmqd,2024-2025,LaLiga,29.66,1.66,28,114
5mj2vxkh3pmkbwj139mp93n4l,2024-2025,LaLiga,26.89,-5.11,32,94
2r4ox2h5r7doo3ys9ynm2nbo5,2024-2025,LaLiga,24.61,-2.39,27,76
8ndsjumd9xg06mwged8d0oqnd,2024-2025,LaLiga,20.5,2.5,18,54
s96k2x2cts0vo6y6aaeui5zp,2024-2025,LaLiga,20.46,3.46,17,54
6ddxujeb3873j5evwiz8n4wt0,2024-2025,LaLiga,19.58,1.58,18,66
4vlurpsi44g09g159t61u83bp,2024-2025,LaLiga,18.37,4.37,14,62
4mxx1oxkiexm0ha34utcmb17t,2024-2025,LaLiga,16.42,-1.58,18,53
a4rbrzom0u87sk3uc15sxndg5,2024-2025,LaLiga,14.87,-5.13,20,39
5qh2kdatvb03o8oiqvkaaxje2,2024-2025,LaLiga,14.02,4.02,10,49
6ofu6yc2qwp5ii9cerdq1tk9h,2024-2025,LaLiga,11.41,-0.59,12,33
agd2nhvdhp18dg1weape5olpl,2024-2025,LaLiga,10.78,-5.22,16,36
1tctbwsidibct7wphjgv8mdm2,2024-2025,LaLiga,10.74,1.74,9,36
duvi9g1bu4djua8e7t7tgoo9h,2024-2025,LaLiga,8.1,2.1,6,25
59ndqnsvggsoek170rdqyd1w5,2024-2025,LaLiga,7.94,0.94,7,18
2e55g4q93y382cg7h0yk5rtud,2024-2025,LaLiga,7.17,-1.83,9,22
ed3bp9uiwa7h03wddi028xdgq,2024-2025,LaLiga,6.08,-0.92,7,14
38bp85766w04a0nuulq5fiig9,2024-2025,LaLiga,5.97,-1.03,7,20
9jhm9qxoeqad7lm5i2nemgwes,2024-2025,LaLiga,5.92,-1.08,7,18
b9q69u0q11bjpu0393sdy50,2024-2025,LaLiga,5.23,0.23,5,15
9xhbpn45z9wvjidbmparzkdm1,2024-2025,LaLiga,4.84,-1.16,6,20
2b7ankpb026wngkg3hgppev6y,2024-2025,LaLiga,4.59,-0.41,5,11
5dfvefxvwj8kixbajluw25mtx,2024-2025,LaLiga,4.42,-1.58,6,12
b2xlrg9xvucrut2fhmvsgjuqy,2024-2025,LaLiga,4.08,1.08,3,12
9lzyhlz2mc7uwvv9nfcvl2tey,2024-2025,LaLiga,1.86,-0.14,2,6
26atxu4fr8f87oi8mt6z70mhh,2024-2025,LaLiga,1.53,-0.47,2,4
15no5m0njma23gf0ygu9agt05,2024-2025,LaLiga,0.89,0.89,0,5
42mke5h9m4g7idv9q6ltuhkwk,2024-2025,LaLiga,0.87,-1.13,2,2
5d5rk4932npxxjadnlh696yok,2024-2025,LaLiga,0.84,-1.16,2,2
7drgir9lcwfst8vxz07jboe6t,2024-2025,LaLiga,0.21,0.21,0,2
6l9y6rn336e3i3z1rvns435xx,2024-2025,Ligue 1,74.15,-0.85,75,209
89sv092huj2obzdazmft854a1,2024-2025,Ligue 1,63.26,16.26,47,179
821ma6ofy7t9wtdvu1w6uni09,2024-2025,Ligue 1,61.17,10.17,51,186
6wfwy94p5bm0zv3aku0urfq39,2024-2025,Ligue 1,58.0,-7.0,65,173
cglp4k40r1t672m7j0eb5ktsl,2024-2025,Ligue 1,56.79,11.79,45,164
1lgrnaje6y7un5dzzll84p91,2024-2025,Ligue 1,50.22,5.22,45,135
7h2icfuwy00ilm14dw5xyl5g5,2024-2025,Ligue 1,49.21,-3.79,53,128
bcfzovs0pj9urgv9r0ykjnlrd,2024-2025,Ligue 1,45.97,9.97,36,147
8pgocmr00qw7b9919c8zh4bmx,2024-2025,Ligue 1,45.67,5.67,40,161
dve7yj8usejn9x7pmdjvozje1,2024-2025,Ligue 1,45.5,1.5,44,160
25cggz2egeqce47yijxadsslx,2024-2025,Ligue 1,44.76,3.76,41,141
8h5jl1u3p8sr2pwdmyxl14416,2024-2025,Ligue 1,42.57,7.57,35,126
7wpg2om9a0dgwlmir4zh4lhp1,2024-2025,Ligue 1,35.74,-2.26,38,93
3msg5zxzgtntyunmdtb3s0lhx,2024-2025,Ligue 1,32.99,0.99,32,82
13nrptzjshlqnkuf92vumefx0,2024-2025,Ligue 1,26.97,-6.03,33,92
d3mss0i879krqrk1owzmj2c45,2024-2025,Ligue 1,26.73,1.73,25,71
4cetkl0w2uq40ccti5ka6a4t1,2024-2025,Ligue 1,22.99,-2.01,25,74
7udphhcokm6vralyz5gkovxsl,2024-2025,Ligue 1,21.46,4.46,17,62
d5ecnjd6h89iepxrvrlfn97ft,2024-2025,Ligue 1,20.01,-1.99,22,65
cym4wbw14zw1jh4jsp3sbyk0l,2024-2025,Ligue 1,18.65,-2.35,21,51
a1q3mystvi6gkv7tjrn75kw6h,2024-2025,Ligue 1,17.99,-1.01,19,63
f0e5posm9z0oma2t3u9k1qy95,2024-2025,Ligue 1,15.75,-1.25,17,49
btyk45f7gmz3ck2dafpp22yg9,2024-2025,Ligue 1,10.25,2.25,8,26
6k51ka2qv5ge2ibrb4o5bin6d,2024-2025,Ligue 1,9.7,2.7,7,28
drmudc3n93faawruj8ct3bwmh,2024-2025,Ligue 1,9.14,1.14,8,25
7t9ixlae5t9v8moc6brwcec4p,2024-2025,Ligue 1,9.11,-1.89,11,21
9ldz2updrruze1tkw0erfr3dh,2024-2025,Ligue 1,6.82,0.82,6,22
3je152n5s5fjtbrxs9v8dn1lh,2024-2025,Ligue 1,6.79,-0.21,7,16
2fvrc1kbl7k48il02ekwiqove,2024-2025,Ligue 1,3.88,0.88,3,9
btm657ozudwbxx16twjs0vp49,2024-2025,Ligue 1,2.93,-1.07,4,13
3qapyusjivhr8pi16nc8i3otm,2024-2025,Ligue 1,2.43,0.43,2,4
ctygavkrblcxra880nwej0bf9,2024-2025,Ligue 1,1.15,-0.85,2,6
4ffmlhvbjvfjjnhr0byktvt62,2024-2025,Ligue 1,0.9,-0.1,1,4
9cb30ii6vuythtugob7ub64tl,2024-2025,Primeira Liga,50.84,4.84,46,149
ax5fuknlz3zc3fcesya61iod1,2024-2025,Primeira Liga,50.49,4.49,46,132
f16314ea0rlqw9nnpu8qewmp5,2024-2025,Primeira Liga,44.94,4.94,40,157
825clxaey53bu0od649tj7v8p,2024-2025,Primeira Liga,43.74,5.74,38,126
664x98r3mbynnh19u1cx984q,2024-2025,Primeira Liga,43.47,-1.53,45,125
2luxnwcabb7msig7odfq5p5g5,2024-2025,Primeira Liga,41.31,-2.69,44,118
5mkvjxxs4ij4ppkmzqblqkh9m,2024-2025,Primeira Liga,40.25,3.25,37,126
dz789stcx4dsr9tqt4fjdshuy,2024-2025,Primeira Liga,39.88,-1.12,41,120
3948j6ya5agm0g8xbw0ob7v85,2024-2025,Primeira Liga,38.62,-3.38,42,114
2accix9saahg900cja5e9iw9h,2024-2025,Primeira Liga,33.25,-3.75,37,100
byk4cll4gdgp2n5ocxrb5j1t5,2024-2025,Primeira Liga,31.23,-0.77,32,114
eues6hcaokjqv07zjue6abs2d,2024-2025,Primeira Liga,30.19,1.19,29,83
3i53phcjc5vwe7i0m9pqjo3fu,2024-2025,Primeira Liga,29.76,1.76,28,101
d79vlrccz170hzdh35nhsf1ed,2024-2025,Primeira Liga,29.17,3.17,26,85
6a34imgccsbw4zysasuziuad,2024-2025,Primeira Liga,27.23,-0.77,28,79
96i6oov7nvetigfn4hzr9kd79,2024-2025,Primeira Liga,22.54,1.54,21,76
8juldxfdikazdmet0rmrh3wlx,2024-2025,Primeira Liga,22.4,5.4,17,54
6eidlv9qagadx0luxb2uclfbp,2024-2025,Primeira Liga,22.15,2.15,20,73
9hqhder3adhjjovepuv4yst79,2024-2025,Primeira Liga,21.46,3.46,18,63
azygs4m332liu58yzvu5zwdsl,2024-2025,Primeira Liga,20.15,5.15,15,57
5nlzolv5bg03eiopba58rs251,2024-2025,Primeira Liga,17.57,-0.43,18,65
6zc6cs596hufgbhu6jv3g2o2y,2024-2025,Primeira Liga,14.09,3.09,11,58
s96k2x2cts0vo6y6aaeui5zp,2024-2025,Primeira Liga,13.25,2.25,11,32
ckog922pr9vqy2ry4m7o5ag2d,2024-2025,Primeira Liga,12.73,-0.27,13,43
59j04iaaq4ncqjtej3pks1gk4,2024-2025,Primeira Liga,8.71,2.71,6,21
eubzxwokg6nzftjd3myxsyfv9,2024-2025,Primeira Liga,7.93,-0.07,8,23
cuc7gtr9q0465wxmzgq834ag9,2024-2025,Primeira Liga,7.07,-1.93,9,25
3mp7wghcalu9g3wxbqb9eqga,2024-2025,Primeira Liga,6.2,0.2,6,20
7zumwzlab5xspkpglhxivzfxm,2024-2025,Primeira Liga,4.84,-0.16,5,16
cb8o8l688w6ozwhklub9ftxbd,2024-2025,Primeira Liga,4.21,1.21,3,12
8lv60zbly3xz43g9hm2s7oqcq,2024-2025,Primeira Liga,3.4,1.4,2,8
eccv657xcwfqo8gjz0jkhuqga,2024-2025,Primeira Liga,3.29,-0.71,4,7
xbk4zraauvq1cj1w5yz08kb9,2024-2025,Primeira Liga,3.22,0.22,3,8
bfm9vh630pkwniqogdrwbiqcp,2024-2025,Primeira Liga,2.99,0.99,2,4
2o5uenf32cw0zyxutsxn5b02c,2024-2025,Primeira Liga,2.85,-2.15,5,10
1hqq9g0dy2n3plpvzvdvb20ic,2024-2025,Primeira Liga,2.79,0.79,2,9
1ocxh5s9uo0s8ag79j7iv6acp,2024-2025,Primeira Liga,2.64,-1.36,4,7
chfqy504a1mnfs67pbdbk0jfu,2024-2025,Primeira Liga,1.16,1.16,0,5
2983qoliizrxvsi9sb9c5wwoa,2024-2025,Primeira Liga,0.94,-0.06,1,3
4k2wic25asdlmuqr17e3s6nkl,2024-2025,Primeira Liga,0.89,-0.11,1,2
7yui53wrnvu6sz794i3e85gfe,2024-2025,Primeira Liga,0.38,0.38,0,3
6ddxujeb3873j5evwiz8n4wt0,2024-2025,Primeira Liga,0.31,0.31,0,2
2mfunwzltzdnmzlcjyvx752i,2024-2025,Serie A,54.46,1.46,53,152
3nfxhugbxid6o0r92txslivh1,2024-2025,Serie A,53.33,-1.67,55,181
5syage212151fcixahbq3k8ut,2024-2025,Serie A,50.52,10.52,40,173
c7fky0h6gi7wmibnv2tzf6mz9,2024-2025,Serie A,50.28,-12.72,63,161
5jfy7133kfbmyl8ur6ze9y2ju,2024-2025,Serie A,46.28,-3.72,50,145
el58uxf7oaqu95yx1vbgmr7it,2024-2025,Serie A,41.91,7.91,34,151
e00004wkpfc8jawioejmpu1n9,2024-2025,Serie A,39.58,2.58,37,135
fb1s5est3fuw1flrjl9isusp,2024-2025,Serie A,38.74,-6.26,45,125
3fpnfgoy4lbpapv2th6g60cet,2024-2025,Serie A,38.31,0.31,38,136
70ps22rygrlq3msxgwmesowyx,2024-2025,Serie A,37.73,0.73,37,110
eu9b86opw6n66vftu1r5alfqh,2024-2025,Serie A,36.68,4.68,32,129
bagn0ce4xunsiz3mezrtqx1p1,2024-2025,Serie A,34.34,3.34,31,116
9dc7uictce9dq0tbphn74qz85,2024-2025,Serie A,34.07,6.07,28,111
8n4rruxbnzvjgdomxslnmcno5,2024-2025,Serie A,31.78,-8.22,40,92
b3hr4q25jvqr7565z5ydqylt5,2024-2025,Serie A,31.34,-0.66,32,103
7dg8woqlx67ch0ji3ujhgb52i,2024-2025,Serie A,26.93,4.93,22,83
4hrmzpx1nt5ze55fpby71mcb9,2024-2025,Serie A,26.85,-4.15,31,82
ab420lzne042a3e3b2lfmy5ii,2024-2025,Serie A,24.53,1.53,23,74
af58rhtg8ck7c8g7nwfs67d91,2024-2025,Serie A,24.42,1.42,23,84
17iqlyu99zttyubi6ya6yu9cl,2024-2025,Serie A,22.26,-1.74,24,60
r0hm6ahwcvdu57bgfi5zkslx,2024-2025,Serie A,17.99,-1.01,19,65
6wplm29z7qxxmujyc2ml19gix,2024-2025,Serie A,17.55,-0.45,18,65
9kp0q3f77gz8f5e2qumj6kpyi,2024-2025,Serie A,15.66,1.66,14,51
40rsjcp9bgu6pt4bf2qrczyp6,2024-2025,Serie A,13.21,-2.79,16,38
76r2yw3wtql61qh5l0yumdn85,2024-2025,Serie A,13.17,-1.83,15,44
5416w329xhbli0b3gq8irfzkl,2024-2025,Serie A,12.38,-0.62,13,40
u60zu48a4zqnupyxp2d0mqqd,2024-2025,Serie A,12.32,-2.68,15,32
e2dn4s6p2f6xnbaje17wd3jyt,2024-2025,Serie A,11.96,-6.04,18,34
3g1akjy7dpa6o8o3j5p69naad,2024-2025,Serie A,10.59,-0.41,11,31
9m6yva52cmdq7uu31qrwdrund,2024-2025,Serie A,9.92,-4.08,14,24
93237ztqyi3r4hu3rmgzrgudx,2024-2025,Serie A,9.01,-0.99,10,26
1jv2z06bjokvswjhuo1xsxdgq,2024-2025,Serie A,7.83,0.83,7,27
7gu0t0g8nej405k918fwsf8id,2024-2025,Serie A,4.69,1.69,3,15
3yqxkw0tqpoucur51ieh9xdrd,2024-2025,Serie A,4.53,1.53,3,14
2udciji4n7tr07ft7twe2r9w5,2024-2025,Serie A,3.57,0.57,3,13
ak7v165q53kqigk2wouifs639,2024-2025,Serie A,3.14,0.14,3,6
3o573dblmfc1o3wkkt2nva8k5,2024-2025,Serie A,2.68,-0.32,3,16
a8s8bl5kp1rif458yt3qlevo5,2024-2025,Serie A,2.54,-0.46,3,7
52lu5mlc9xdqjzgh1ne86wtsl,2024-2025,Serie A,2.38,0.38,2,12
c2ezyc2fftje7rcm5ybbuytp1,2024-2025,Serie A,2.25,0.25,2,11
vxehbg5v0s42cmvntbd6xc7o,2024-2025,Serie A,1.4,-1.6,3,6
3ww5879aay1xf2a20nl9ihwid,2024-2025,Serie A,1.16,-0.84,2,6
7drgir9lcwfst8vxz07jboe6t,2024-2025,Serie A,1.03,1.03,0,4
al3t9fzj4ab55yux0zkd1jkr9,2024-2025,Serie A,0.61,0.61,0,3
4b6mhmoeo78f8x928q2imp591,2024-2025,Serie A,0.54,-0.46,1,3
cm8po8ez5w9ms01gid6w3kwk5,2023-2024,Bundesliga,69.14,4.14,65,211
2o46ud3u97f7lc8bjkwor6dhx,2023-2024,Bundesliga,66.1,-7.9,74,198
4zfgh6wq7svx418tzwf0gfavp,2023-2024,Bundesliga,63.39,3.39,60,168
clmq1s26z0i3lqr1jqnd5wzit,2023-2024,Bundesliga,60.3,-6.7,67,185
ezsqr7bc70n69t97uvdsxvsut,2023-2024,Bundesliga,55.11,3.11,52,174
8l1mv5qd9vwade754v3l8epjp,2023-2024,Bundesliga,54.45,-0.55,55,162
d2gbcc336c4zatpiif4cvm2fp,2023-2024,Bundesliga,52.32,2.32,50,158
6gjlcd7rzi3p74qwvj7ia6esq,2023-2024,Bundesliga,49.59,-7.41,57,158
7obuhegyo1qcoikt23egcsr85,2023-2024,Bundesliga,48.94,0.94,48,137
ci1nu5z8aiiikco8af0zk1lud,2023-2024,Bundesliga,47.74,0.74,47,128
1ljgis575ujto4361ed15w0r9,2023-2024,Bundesliga,46.39,-2.61,49,160
7llxni56g8q0yt33vhp1pt3o5,2023-2024,Bundesliga,42.54,6.54,36,128
9rjd95oqotnalxmv56v7p1r6d,2023-2024,Bundesliga,41.39,8.39,33,118
bfpax581lm91ebz4xgz40a191,2023-2024,Bundesliga,38.2,1.2,37,115
d3xdl3p9vd1c0m316oq2pblxx,2023-2024,Bundesliga,32.57,-0.43,33,107
cg6h7oq0b5zpx1g4brhzyk1xx,2023-2024,Bundesliga,31.36,7.36,24,102
axcrcuv22693vn0a887samsph,2023-2024,Bundesliga,28.79,-1.21,30,76
64pzn3jdqo6y2izlpm8n3tvpx,2023-2024,Bundesliga,28.15,-4.85,33,93
expxslws50h0iw0logr02gs7p,2023-2024,Bundesliga,13.49,-3.51,17,38
3z6ekzop4y7cjuatzz9ua74k5,2023-2024,Bundesliga,13.46,-4.54,18,47
53ozrqkupvt2iyi2xg0swf7px,2023-2024,Bundesliga,11.8,-4.2,16,36
br2uswvdgoj7ndkx7mnbwgyd,2023-2024,Bundesliga,11.51,-0.49,12,31
3tb27261f8mpzpq3prpv8ng0l,2023-2024,Bundesliga,10.48,2.48,8,41
2jrntrq2x714pviioh3jnkted,2023-2024,Bundesliga,8.31,0.31,8,27
840353qq4b6ufh0hhm9o0n45x,2023-2024,Bundesliga,7.78,-0.22,8,25
e0jdg5vhg3l3vdgyecnwic4ph,2023-2024,Bundesliga,5.79,-4.21,10,17
62gct49oglcdzxafhrfucrb2t,2023-2024,Bundesliga,5.51,2.51,3,22
4l3qk2g87pa3bevo2nlwkf3rp,2023-2024,Bundesliga,2.7,-0.3,3,17
dduj8a3ejx8nmozrlpsa3rj6d,2023-2024,Bundesliga,2.17,-0.83,3,4
dvo2f7d0yosn404wsrsgeprdh,2023-2024,Bundesliga,2.0,-0.0,2,6
6rz47c6i1e4umc7kbh961x5ud,2023-2024,Bundesliga,1.43,-0.57,2,9
cs4aca71qkt1ru20ppmi6djl6,2023-2024,Bundesliga,0.35,0.35,0,3
ag4dpuocam5wfpvpyxtxhpa6t,2023-2024,English Premier League,83.29,2.29,81,221
1edp9euwcg0bg1ovgcdk9lxat,2023-2024,English Premier League,74.05,0.05,74,204
71rob1lsnmdviy1siakkzpqdx,2023-2024,English Premier League,66.37,9.37,57,188
8kttsnok9bbh7kpy3zz3j2xg5,2023-2024,English Premier League,63.62,6.62,57,203
h12c7ocq35slzrop3ltnrsnp,2023-2024,English Premier League,61.71,3.71,58,167
1c4nu9s3t3p83pufjf3n3xqay,2023-2024,English Premier League,58.79,-1.21,60,166
920yurg08gqayxwc80q9f8ixh,2023-2024,English Premier League,58.63,-4.37,63,176
2f79rc4i712sxstahjkq6pxp1,2023-2024,English Premier League,58.11,1.11,57,190
1um5sa7iogc29aadvkabadyad,2023-2024,English Premier League,57.18,3.18,54,165
3zl1q2gk6tdmzirsyfgm38no5,2023-2024,English Premier League,55.88,11.88,44,139
9eaevg9okpy4gcm6yofg7vbv9,2023-2024,English Premier League,55.07,5.07,50,186
e8dina16u5kt5ho4u5igtmimt,2023-2024,English Premier League,53.44,5.44,48,165
7w4l5mrrrg66wvdd8ndb5zb9x,2023-2024,English Premier League,42.11,0.11,42,130
bcfzovs0pj9urgv9r0ykjnlrd,2023-2024,English Premier League,32.07,-2.93,35,108
53d0pvr7ylvfhp6p749iniqc5,2023-2024,English Premier League,31.82,2.82,29,109
5z8ycnd0smdkumi5fgtzf7c9h,2023-2024,English Premier League,29.54,0.54,29,86
23637o19ff0sw18pqv8g96ndh,2023-2024,English Premier League,26.88,0.88,26,82
31xsuz1icsj7zt1462swjpk2d,2023-2024,English Premier League,26.67,-5.33,32,74
3wwi5vf2l1qbz7e5zdjoy8yga,2023-2024,English Premier League,25.14,-2.86,28,91
d9yxninyn4bac8f0ufxsnlqll,2023-2024,English Premier League,24.35,-0.65,25,78
2k18wcecasfnrys3vm9sm2lt5,2023-2024,English Premier League,24.2,9.2,15,78
hwcrfg4h2ystqbd11qlmj015,2023-2024,English Premier League,24.16,-3.84,28,80
5frs9u0spep2j3gszu06awo9h,2023-2024,English Premier League,22.79,-3.21,26,67
4iijb6llnz28unsz4rirr3umt,2023-2024,English Premier League,22.58,-0.42,23,69
eagrmpe9ft8daly57l1ja8lhx,2023-2024,English Premier League,19.97,-0.03,20,55
2vgr8c97x4b2e51tyvvixusid,2023-2024,English Premier League,19.09,-5.91,25,61
9s9i1a7hdq5bud8ma2dqi295h,2023-2024,English Premier League,17.86,1.86,16,58
cfhk5255hz4wbs2zsrq219a6t,2023-2024,English Premier League,17.03,-5.97,23,59
dpw4s6nbkfcrjlqxxgf9j5yhh,2023-2024,English Premier League,12.16,2.16,10,38
4myy5br8yj5678xlji3up1ryt,2023-2024,English Premier League,10.77,-2.23,13,34
7jtc6yk5xu4cm1an97wrgozbp,2023-2024,English Premier League,8.53,-3.47,12,22
5d6d4oc2rpau0mbbbt2dmtzv9,2023-2024,English Premier League,7.83,0.83,7,27
5pbnl8ssfcrxf9lfg1pl3vxzp,2023-2024,English Premier League,4.91,-2.09,7,15
12l99v9rpet6ug6n121tg6ay1,2023-2024,English Premier League,4.71,-0.29,5,18
6yovfcug6e9hykfauqy0fq67d,2023-2024,English Premier League,4.23,-0.77,5,14
6wplm29z7qxxmujyc2ml19gix,2023-2024,English Premier League,3.33,-3.67,7,11
7m4pw4plxndt68iq7f3s60cet,2023-2024,English Premier League,2.41,-0.59,3,7
ebzt12h6z4a9mok0rohagmzf9,2023-2024,English Premier League,2.22,0.22,2,8
3vt38r8n9081i3a4dj89lx905,2023-2024,English Premier League,0.29,-0.71,1,1
f1j511s3lct6an6g8n82ht1at,2023-2024,English Premier League,0.08,0.08,0,2
eiqcjlj9kmitoj8g50vaglawa,2023-2024,LaLiga,64.26,2.26,62,205
71p9z7bqvgzb5t115fmos6fop,2023-2024,LaLiga,60.33,-2.67,63,175
vota9gwygxp3wc998tl7ldxx,2023-2024,LaLiga,56.61,4.61,52,171
eavhyxb9dfjh0jp5yzg8p8udx,2023-2024,LaLiga,52.98,6.98,46,168
20o2dr1mdk18xhxmkujzgak89,2023-2024,LaLiga,52.98,10.98,42,156
routhh0ialijcg3egagouig9,2023-2024,LaLiga,51.34,9.34,42,153
5dfvefxvwj8kixbajluw25mtx,2023-2024,LaLiga,48.15,3.15,45,150
el98wqtf7w1ap9ei2bxqwtx3p,2023-2024,LaLiga,46.56,-0.44,47,151
amjegysk3et638l4od103c7o5,2023-2024,LaLiga,46.27,-0.73,47,132
2yt9oajv9dkbju8tgy1g2nmqd,2023-2024,LaLiga,41.88,-1.12,43,144
6ekdnbnk56xlxforb5owt3dn9,2023-2024,LaLiga,41.62,-0.38,42,138
8k88isvd2hwr5e4gn9oxzr2t,2023-2024,LaLiga,41.25,7.25,34,114
w503zyr8ipyobglth281uklx,2023-2024,LaLiga,41.22,5.22,36,132
c7i0lduij4vsnluxisdnaxsk5,2023-2024,LaLiga,39.0,3.0,36,123
4vlurpsi44g09g159t61u83bp,2023-2024,LaLiga,38.33,9.33,29,122
s96k2x2cts0vo6y6aaeui5zp,2023-2024,LaLiga,37.87,3.87,34,119
cfc7fqq748bz3nklfam2a2fp,2023-2024,LaLiga,30.94,4.94,26,104
2e55g4q93y382cg7h0yk5rtud,2023-2024,LaLiga,28.51,1.51,27,102
a4rbrzom0u87sk3uc15sxndg5,2023-2024,LaLiga,26.48,-1.52,28,77
9h6xf4ac4rpsjpummcdx26z9,2023-2024,LaLiga,23.85,-4.15,28,86
bahph7009sc73jl6s2bramn6d,2023-2024,LaLiga,21.79,-2.21,24,68
38bp85766w04a0nuulq5fiig9,2023-2024,LaLiga,21.78,4.78,17,65
59ndqnsvggsoek170rdqyd1w5,2023-2024,LaLiga,17.38,-2.62,20,50
4mxx1oxkiexm0ha34utcmb17t,2023-2024,LaLiga,14.56,-2.44,17,39
6rs4x238yo3qyz24vkdwgak7p,2023-2024,LaLiga,11.79,0.79,11,23
6j3wbk9xlq4om4m8ih6b3tyvp,2023-2024,LaLiga,10.51,2.51,8,38
c3secspt4xvu1q4g6aonn7zyt,2023-2024,LaLiga,8.27,-1.73,10,23
d113ljlwz4uaqd7uk8t2pidat,2023-2024,LaLiga,7.25,-2.75,10,17
cfm1cx3wneiqljgyv0tthp0ph,2023-2024,LaLiga,6.17,-0.83,7,24
ed3bp9uiwa7h03wddi028xdgq,2023-2024,LaLiga,5.78,-2.22,8,24
15no5m0njma23gf0ygu9agt05,2023-2024,LaLiga,5.58,-3.42,9,20
1vn3xi2x6vtjor1bt1ob1vk5x,2023-2024,LaLiga,5.37,1.37,4,20
2b7ankpb026wngkg3hgppev6y,2023-2024,LaLiga,4.49,0.49,4,19
6crmq7vzqts58wg196q48sc7p,2023-2024,LaLiga,3.11,3.11,0,15
1tctbwsidibct7wphjgv8mdm2,2023-2024,LaLiga,3.1,-0.9,4,12
76r2yw3wtql61qh5l0yumdn85,2023-2024,LaLiga,1.99,-0.01,2,9
cvcyevmxcd2ly0yoxi0djquol,2023-2024,LaLiga,1.77,-0.23,2,4
2692wwt1guis8gm2ajkkj2jje,2023-2024,LaLiga,1.73,-0.27,2,2
b2xlrg9xvucrut2fhmvsgjuqy,2023-2024,LaLiga,1.71,-0.29,2,3
1j75xt37w8q04ixbyjwhtfh05,2023-2024,LaLiga,1.56,-0.44,2,3
c9cp6fxbxyc2a3kfotkompxx,2023-2024,LaLiga,1.28,-0.72,2,3
e1izszvhlcdpmnjzzd73cnidx,2023-2024,LaLiga,1.25,0.25,1,6
9xhbpn45z9wvjidbmparzkdm1,2023-2024,LaLiga,0.81,-0.19,1,1
4sz26vstr6b7b110eri7f42jt,2023-2024,LaLiga,0.55,0.55,0,4
bqrz2xmu25taby17bl7cycjqh,2023-2024,LaLiga,0.53,-0.47,1,3
8iiowapklgy791tcwowpqddqt,2023-2024,LaLiga,0.3,0.3,0,1
6790uxmc1zs4emxtqf7vl6imt,2023-2024,Ligue 1,65.13,0.13,65,208
c6u4h9wy88ymj6whiz93jknv9,2023-2024,Ligue 1,57.62,4.62,53,188
53tqqwl5dpxn0v5zluabsmms5,2023-2024,Ligue 1,56.29,-0.71,57,185
7wpg2om9a0dgwlmir4zh4lhp1,2023-2024,Ligue 1,48.12,7.12,41,153
13nrptzjshlqnkuf92vumefx0,2023-2024,Ligue 1,46.06,0.06,46,139
d3mss0i879krqrk1owzmj2c45,2023-2024,Ligue 1,45.79,-2.21,48,155
25cggz2egeqce47yijxadsslx,2023-2024,Ligue 1,44.28,10.28,34,136
f0e5posm9z0oma2t3u9k1qy95,2023-2024,Ligue 1,44.02,1.02,43,118
89sv092huj2obzdazmft854a1,2023-2024,Ligue 1,42.45,-3.55,46,137
cym4wbw14zw1jh4jsp3sbyk0l,2023-2024,Ligue 1,40.88,-2.12,43,147
6wfwy94p5bm0zv3aku0urfq39,2023-2024,Ligue 1,38.23,4.23,34,137
7h2icfuwy00ilm14dw5xyl5g5,2023-2024,Ligue 1,37.32,3.32,34,129
8h5jl1u3p8sr2pwdmyxl14416,2023-2024,Ligue 1,36.19,6.19,30,123
4cetkl0w2uq40ccti5ka6a4t1,2023-2024,Ligue 1,35.99,15.99,20,116
26atxu4fr8f87oi8mt6z70mhh,2023-2024,Ligue 1,35.27,-2.73,38,124
8pgocmr00qw7b9919c8zh4bmx,2023-2024,Ligue 1,30.87,2.87,28,105
a1q3mystvi6gkv7tjrn75kw6h,2023-2024,Ligue 1,30.6,-0.4,31,97
2vgr8c97x4b2e51tyvvixusid,2023-2024,Ligue 1,21.13,-0.87,22,62
715vryzmby6vggjpdm9pgu3qi,2023-2024,Ligue 1,19.66,-5.34,25,63
d5ecnjd6h89iepxrvrlfn97ft,2023-2024,Ligue 1,14.4,5.4,9,54
ctygavkrblcxra880nwej0bf9,2023-2024,Ligue 1,13.9,2.9,11,37
7t9ixlae5t9v8moc6brwcec4p,2023-2024,Ligue 1,11.26,0.26,11,34
emz4y0v1b17lbupes1qzjhlhw,2023-2024,Ligue 1,8.3,2.3,6,24
4ffmlhvbjvfjjnhr0byktvt62,2023-2024,Ligue 1,5.38,-1.62,7,19
7to9ns7mkuji0ciwh1ufkq3md,2023-2024,Ligue 1,4.62,-1.38,6,14
9sme7jykdv8msgfu0nxx6h39x,2023-2024,Ligue 1,4.51,-1.49,6,12
3msg5zxzgtntyunmdtb3s0lhx,2023-2024,Ligue 1,2.59,0.59,2,5
6oi4a3g56xe76g0gg38knmzmd,2023-2024,Ligue 1,2.22,0.22,2,5
4dbs7cgevy096gouv60eurh05,2023-2024,Ligue 1,1.51,-0.49,2,6
7nlpu8ocv423vqaooks0hifze,2023-2024,Ligue 1,1.24,0.24,1,3
3ngai7brgwxmnx3c7dmmed5ud,2023-2024,Ligue 1,0.96,-1.04,2,2
2h7a11gp7bb34j8oa4tv3aaxh,2023-2024,Ligue 1,0.63,-0.37,1,1
btm657ozudwbxx16twjs0vp49,2023-2024,Ligue 1,0.23,0.23,0,4
8lv60zbly3xz43g9hm2s7oqcq,2023-2024,Primeira Liga,56.9,-4.1,61,172
825clxaey53bu0od649tj7v8p,2023-2024,Primeira Liga,55.1,10.1,45,181
d7iib2848djm2tqh27jlhnbvt,2023-2024,Primeira Liga,48.55,-4.45,53,141
6ddxujeb3873j5evwiz8n4wt0,2023-2024,Primeira Liga,45.82,8.82,37,145
25n2vrjnz5qsm5pigyn3ps8vd,2023-2024,Primeira Liga,45.77,0.77,45,142
664x98r3mbynnh19u1cx984q,2023-2024,Primeira Liga,44.79,0.79,44,143
9uc54rlxmahbfppv97zi81yhh,2023-2024,Primeira Liga,44.08,-14.92,59,137
5nlzolv5bg03eiopba58rs251,2023-2024,Primeira Liga,43.37,-4.63,48,127
4k2wic25asdlmuqr17e3s6nkl,2023-2024,Primeira Liga,41.11,-3.89,45,145
eues6hcaokjqv07zjue6abs2d,2023-2024,Primeira Liga,38.5,-3.5,42,119
cpf5wp34pu80qzvcwakjhh905,2023-2024,Primeira Liga,37.2,1.2,36,95
ckog922pr9vqy2ry4m7o5ag2d,2023-2024,Primeira Liga,34.85,5.85,29,118
3948j6ya5agm0g8xbw0ob7v85,2023-2024,Primeira Liga,34.69,1.69,33,119
4nl5hapemrmmuh1r8afne8b85,2023-2024,Primeira Liga,32.82,5.82,27,106
2accix9saahg900cja5e9iw9h,2023-2024,Primeira Liga,32.64,2.64,30,99
3i53phcjc5vwe7i0m9pqjo3fu,2023-2024,Primeira Liga,28.7,6.7,22,98
1lja4p58klyunssccl9oo0uz9,2023-2024,Primeira Liga,25.91,-5.09,31,79
d79vlrccz170hzdh35nhsf1ed,2023-2024,Primeira Liga,25.4,1.4,24,78
1ocxh5s9uo0s8ag79j7iv6acp,2023-2024,Primeira Liga,19.07,-8.93,28,61
342kh2ue733edf9q7s0a2edat,2023-2024,Primeira Liga,15.88,-6.12,22,55
5881z0950eh6003uukdwkuql0,2023-2024,Primeira Liga,11.41,-0.59,12,31
chwv6iayowufvu6hb1fg6ydwp,2023-2024,Primeira Liga,11.22,-4.78,16,35
8pd7rkac98cx4xgnz2u12c3x1,2023-2024,Primeira Liga,8.65,1.65,7,27
al4hlh2zl0fcdk54iqjxxpjx0,2023-2024,Primeira Liga,8.12,1.12,7,19
cuc7gtr9q0465wxmzgq834ag9,2023-2024,Primeira Liga,7.46,0.46,7,23
555qylncusktt21toxath49h,2023-2024,Primeira Liga,6.86,1.86,5,24
2485mivi2vcv9r4tnjwi1nutx,2023-2024,Primeira Liga,3.94,-1.06,5,11
5qeoxuy2ymw09u7nrjmdzd8t1,2023-2024,Primeira Liga,3.6,0.6,3,10
ag5ozuf1o3ixkdrdb39g9dasp,2023-2024,Primeira Liga,3.6,-1.4,5,14
7jtc6yk5xu4cm1an97wrgozbp,2023-2024,Primeira Liga,3.12,0.12,3,4
avugx69mdi4p8c25p9fetmq22,2023-2024,Primeira Liga,3.1,0.1,3,8
12uvfzb3xe7bk4h6xl6c8cet,2023-2024,Primeira Liga,2.97,-1.03,4,7
chfqy504a1mnfs67pbdbk0jfu,2023-2024,Primeira Liga,2.83,-0.17,3,11
eubzxwokg6nzftjd3myxsyfv9,2023-2024,Primeira Liga,2.35,1.35,1,9
8n7jdvcoejjp8ygvz4gvfy9rd,2023-2024,Primeira Liga,2.2,-3.8,6,11
5mkvjxxs4ij4ppkmzqblqkh9m,2023-2024,Primeira Liga,1.5,0.5,1,9
9hqhder3adhjjovepuv4yst79,2023-2024,Primeira Liga,1.26,-0.74,2,4
xbk4zraauvq1cj1w5yz08kb9,2023-2024,Primeira Liga,0.91,-0.09,1,3
3mp7wghcalu9g3wxbqb9eqga,2023-2024,Primeira Liga,0.08,0.08,0,1
4mp7ydk6ngfxzjrwpbh8whkkq,2023-2024,Primeira Liga,0.02,0.02,0,1
3nfxhugbxid6o0r92txslivh1,2023-2024,Serie A,55.59,2.59,53,173
1r5gn4osgwz2b2b4sefncbhed,2023-2024,Serie A,53.48,-11.52,65,159
5jfy7133kfbmyl8ur6ze9y2ju,2023-2024,Serie A,50.53,-6.47,57,152
b3hr4q25jvqr7565z5ydqylt5,2023-2024,Serie A,47.91,12.91,35,159
17iqlyu99zttyubi6ya6yu9cl,2023-2024,Serie A,46.73,-6.27,53,129
c7fky0h6gi7wmibnv2tzf6mz9,2023-2024,Serie A,46.17,-1.83,48,153
2udciji4n7tr07ft7twe2r9w5,2023-2024,Serie A,43.3,8.3,35,126
3yqxkw0tqpoucur51ieh9xdrd,2023-2024,Serie A,40.05,-1.95,42,130
2luxnwcabb7msig7odfq5p5g5,2023-2024,Serie A,39.97,-3.03,43,115
af58rhtg8ck7c8g7nwfs67d91,2023-2024,Serie A,39.17,-0.83,40,104
5syage212151fcixahbq3k8ut,2023-2024,Serie A,35.46,4.46,31,134
8n4rruxbnzvjgdomxslnmcno5,2023-2024,Serie A,35.35,2.35,33,119
3fpnfgoy4lbpapv2th6g60cet,2023-2024,Serie A,31.46,-2.54,34,120
eu9b86opw6n66vftu1r5alfqh,2023-2024,Serie A,30.62,0.62,30,107
ab420lzne042a3e3b2lfmy5ii,2023-2024,Serie A,29.94,2.94,27,106
4hrmzpx1nt5ze55fpby71mcb9,2023-2024,Serie A,28.87,0.87,28,106
6ofu6yc2qwp5ii9cerdq1tk9h,2023-2024,Serie A,28.57,0.57,28,108
bagn0ce4xunsiz3mezrtqx1p1,2023-2024,Serie A,25.71,6.71,19,98
70ps22rygrlq3msxgwmesowyx,2023-2024,Serie A,24.63,0.63,24,89
93237ztqyi3r4hu3rmgzrgudx,2023-2024,Serie A,24.34,-3.66,28,68
7gu0t0g8nej405k918fwsf8id,2023-2024,Serie A,23.63,-1.37,25,74
2t05pfvho7i9w9w01zcz3gz4l,2023-2024,Serie A,22.61,-5.39,28,66
42p4op3tm9umpwxyxde5xjefp,2023-2024,Serie A,21.32,-2.68,24,74
el58uxf7oaqu95yx1vbgmr7it,2023-2024,Serie A,20.85,2.85,18,77
ahrgnlsku8ghrj2qc0s6p1rhm,2023-2024,Serie A,13.54,-2.46,16,32
4y9swvi27eh7vyn48vbrdp9ed,2023-2024,Serie A,10.98,-0.02,11,27
7drgir9lcwfst8vxz07jboe6t,2023-2024,Serie A,10.61,-0.39,11,34
3ww5879aay1xf2a20nl9ihwid,2023-2024,Serie A,9.5,-0.5,10,33
68jk3onf54kl1mdfz8zuicvkl,2023-2024,Serie A,8.28,0.28,8,26
u60zu48a4zqnupyxp2d0mqqd,2023-2024,Serie A,7.9,-0.1,8,24
1jv2z06bjokvswjhuo1xsxdgq,2023-2024,Serie A,7.4,1.4,6,29
f8kcf2l4h2qzdww1vof5x9t5,2023-2024,Serie A,6.56,-3.44,10,28
6jwy293owzzhldv4i9wxntjv9,2023-2024,Serie A,4.86,-1.14,6,14
1sjt0nj0232gu88x50c3d16nd,2023-2024,Serie A,4.75,-4.25,9,19
9m6yva52cmdq7uu31qrwdrund,2023-2024,Serie A,4.63,1.63,3,18
7p19t0mn8cq7xum09nv2u2lt5,2023-2024,Serie A,3.72,-1.28,5,9
e2dn4s6p2f6xnbaje17wd3jyt,2023-2024,Serie A,3.32,0.32,3,11
c2ezyc2fftje7rcm5ybbuytp1,2023-2024,Serie A,3.32,1.32,2,10
68cu39v9m8pykapkh2b97ltqt,2023-2024,Serie A,3.02,0.02,3,8
9dc7uictce9dq0tbphn74qz85,2023-2024,Serie A,2.56,0.56,2,9
4jh6mywmhugi4ltyhq5vd5ij8,2023-2024,Serie A,1.29,-0.71,2,3
9jx56wcoj1htd69i749wfwkx5,2023-2024,Serie A,0.99,-1.01,2,5
6cowiesazkskzzljywnix5ous,2023-2024,Serie A,0.98,-0.02,1,2
3o573dblmfc1o3wkkt2nva8k5,2023-2024,Serie A,0.97,-0.03,1,5
cdwgheilpjr6u2mzv91ku8afp,2023-2024,Serie A,0.84,-0.16,1,1
9sdrd6flk2jene11v193nm1n9,2023-2024,Serie A,0.83,0.83,0,1
1e95np0v66lmp2qysqq8f33rp,2023-2024,Serie A,0.7,0.7,0,4
8rlf5vjyddkcid5ysa3yo7hlh,2023-2024,Serie A,0.67,0.67,0,3
x8runqzjfkym8r7kdy3a8t0,2023-2024,Serie A,0.03,0.03,0,1
clmq1s26z0i3lqr1jqnd5wzit,2022-2023,Bundesliga,70.65,1.65,69,200
1sjt0nj0232gu88x50c3d16nd,2022-2023,Bundesliga,57.06,-10.94,68,163
cm8po8ez5w9ms01gid6w3kwk5,2022-2023,Bundesliga,52.17,-3.83,56,161
expxslws50h0iw0logr02gs7p,2022-2023,Bundesliga,50.94,-8.06,59,170
bfpax581lm91ebz4xgz40a191,2022-2023,Bundesliga,45.75,0.75,45,147
920yurg08gqayxwc80q9f8ixh,2022-2023,Bundesliga,45.63,1.63,44,150
dvo2f7d0yosn404wsrsgeprdh,2022-2023,Bundesliga,44.2,-13.8,58,138
cg6h7oq0b5zpx1g4brhzyk1xx,2022-2023,Bundesliga,43.74,-1.26,45,142
7obuhegyo1qcoikt23egcsr85,2022-2023,Bundesliga,43.26,-6.74,50,130
4zfgh6wq7svx418tzwf0gfavp,2022-2023,Bundesliga,41.08,-9.92,51,129
bagn0ce4xunsiz3mezrtqx1p1,2022-2023,Bundesliga,38.88,0.88,38,115
61xxo4zsk6hby0swa756l3wlx,2022-2023,Bundesliga,38.74,-2.26,41,136
8l1mv5qd9vwade754v3l8epjp,2022-2023,Bundesliga,35.1,8.1,27,119
9rjd95oqotnalxmv56v7p1r6d,2022-2023,Bundesliga,34.6,3.6,31,119
ci1nu5z8aiiikco8af0zk1lud,2022-2023,Bundesliga,33.96,-5.04,39,109
5bzowvtg5vhntcx1w3roriehh,2022-2023,Bundesliga,27.36,-6.64,34,87
axcrcuv22693vn0a887samsph,2022-2023,Bundesliga,26.93,-2.07,29,74
840353qq4b6ufh0hhm9o0n45x,2022-2023,Bundesliga,23.25,3.25,20,65
62gct49oglcdzxafhrfucrb2t,2022-2023,Bundesliga,20.85,-1.15,22,59
3z6ekzop4y7cjuatzz9ua74k5,2022-2023,Bundesliga,18.37,0.37,18,56
64pzn3jdqo6y2izlpm8n3tvpx,2022-2023,Bundesliga,15.56,4.56,11,44
d2gbcc336c4zatpiif4cvm2fp,2022-2023,Bundesliga,14.89,-1.11,16,44
8dq80nkl6nbdejj2ti0mb2w6i,2022-2023,Bundesliga,13.19,2.19,11,31
8td0ccul6gf7r5benk1pxqrx1,2022-2023,Bundesliga,12.05,0.05,12,55
3tb27261f8mpzpq3prpv8ng0l,2022-2023,Bundesliga,11.44,2.44,9,26
slsd8022q9s3uugsafaqt2ol,2022-2023,Bundesliga,10.56,-1.44,12,33
7446u69ki15qcyq2jtszacm3t,2022-2023,Bundesliga,9.36,-1.64,11,25
2jrntrq2x714pviioh3jnkted,2022-2023,Bundesliga,8.2,-3.8,12,32
7llxni56g8q0yt33vhp1pt3o5,2022-2023,Bundesliga,3.02,0.02,3,14
88unrmh29io1zmqzxwjzuqtm2,2022-2023,Bundesliga,2.79,1.79,1,7
br2uswvdgoj7ndkx7mnbwgyd,2022-2023,Bundesliga,2.47,0.47,2,8
cfc7fqq748bz3nklfam2a2fp,2022-2023,Bundesliga,1.75,0.75,1,5
f2ibn3ej2doay3b4u8ezeix62,2022-2023,Bundesliga,1.39,0.39,1,5
9z1hb45wjhq63ebn88b079k2d,2022-2023,Bundesliga,1.31,-0.69,2,4
2f79rc4i712sxstahjkq6pxp1,2022-2023,English Premier League,63.59,14.59,49,192
e8dina16u5kt5ho4u5igtmimt,2022-2023,English Premier League,59.5,2.5,57,181
8szyip8c62bier901hmpqc7vt,2022-2023,English Premier League,55.84,-10.16,66,158
71rob1lsnmdviy1siakkzpqdx,2022-2023,English Premier League,53.74,-0.26,54,161
4iijb6llnz28unsz4rirr3umt,2022-2023,English Premier League,51.21,8.21,43,197
53d0pvr7ylvfhp6p749iniqc5,2022-2023,English Premier League,50.19,9.19,41,147
eagrmpe9ft8daly57l1ja8lhx,2022-2023,English Premier League,46.01,-0.99,47,154
1um5sa7iogc29aadvkabadyad,2022-2023,English Premier League,42.44,4.44,38,138
e00004wkpfc8jawioejmpu1n9,2022-2023,English Premier League,41.81,-0.19,42,142
6yovfcug6e9hykfauqy0fq67d,2022-2023,English Premier League,40.69,-1.31,42,136
8jw1c54yfsk2m13uyl5yi5hm2,2022-2023,English Premier League,38.6,-13.4,52,120
3zl1q2gk6tdmzirsyfgm38no5,2022-2023,English Premier League,37.18,3.18,34,132
6j3wbk9xlq4om4m8ih6b3tyvp,2022-2023,English Premier League,37.06,7.06,30,120
8k88isvd2hwr5e4gn9oxzr2t,2022-2023,English Premier League,35.11,3.11,32,116
5h2biadv4hd2ntcd7zo2c8639,2022-2023,English Premier League,34.67,-7.33,42,119
9s9i1a7hdq5bud8ma2dqi295h,2022-2023,English Premier League,33.18,2.18,31,123
ombvyo6p3p5khkn91vubvpat,2022-2023,English Premier League,32.93,-5.07,38,117
9sme7jykdv8msgfu0nxx6h39x,2022-2023,English Premier League,30.05,-1.95,32,83
5z8ycnd0smdkumi5fgtzf7c9h,2022-2023,English Premier League,27.94,-3.06,31,85
23637o19ff0sw18pqv8g96ndh,2022-2023,English Premier League,27.36,-3.64,31,77
12l99v9rpet6ug6n121tg6ay1,2022-2023,English Premier League,26.27,-3.73,30,66
d9yxninyn4bac8f0ufxsnlqll,2022-2023,English Premier League,25.13,-1.87,27,74
8wz5pdydepr5kzcichz17pv4l,2022-2023,English Premier League,21.06,-2.94,24,55
31xsuz1icsj7zt1462swjpk2d,2022-2023,English Premier League,19.17,-0.83,20,57
bm9qgspytvdwy514kk6ytztg5,2022-2023,English Premier League,17.31,-3.69,21,59
22s7hpp9k5ihtc2pwiaytdp05,2022-2023,English Premier League,14.54,0.54,14,39
ax5fuknlz3zc3fcesya61iod1,2022-2023,English Premier League,10.66,-0.34,11,27
5frs9u0spep2j3gszu06awo9h,2022-2023,English Premier League,10.53,1.53,9,34
d3p7p18i2ybzlwz5p5gjdd239,2022-2023,English Premier League,10.5,-5.5,16,30
9eaevg9okpy4gcm6yofg7vbv9,2022-2023,English Premier League,7.32,0.32,7,16
4myy5br8yj5678xlji3up1ryt,2022-2023,English Premier League,6.19,-1.81,8,19
5d6d4oc2rpau0mbbbt2dmtzv9,2022-2023,English Premier League,5.14,4.14,1,15
8bhdwi4p824s82bbzkh2vy6t,2022-2023,English Premier League,3.66,-1.34,5,14
5pbnl8ssfcrxf9lfg1pl3vxzp,2022-2023,English Premier League,3.56,0.56,3,13
dpw4s6nbkfcrjlqxxgf9j5yhh,2022-2023,English Premier League,2.7,-1.3,4,10
c6pfpm73pimu0fdt32g86xyei,2022-2023,English Premier League,2.27,-2.73,5,10
46jsa691lantlbcfqm1rtnlcl,2022-2023,English Premier League,1.94,-0.06,2,4
7w4l5mrrrg66wvdd8ndb5zb9x,2022-2023,English Premier League,0.85,0.85,0,4
5tlxrhab4kdeud8d2r9z9hk2d,2022-2023,English Premier League,0.53,0.53,0,4
36bg0k385i4wwarffp6ak1syd,2022-2023,LaLiga,68.77,7.77,61,200
c3secspt4xvu1q4g6aonn7zyt,2022-2023,LaLiga,60.93,0.93,60,193
el98wqtf7w1ap9ei2bxqwtx3p,2022-2023,LaLiga,49.48,1.48,48,179
vota9gwygxp3wc998tl7ldxx,2022-2023,LaLiga,46.65,3.65,43,166
20o2dr1mdk18xhxmkujzgak89,2022-2023,LaLiga,45.95,2.95,43,148
5dfvefxvwj8kixbajluw25mtx,2022-2023,LaLiga,45.26,0.26,45,139
74gwlzg12wr9pkwmdh9xpa505,2022-2023,LaLiga,45.02,4.02,41,145
eavhyxb9dfjh0jp5yzg8p8udx,2022-2023,LaLiga,42.43,5.43,37,125
6ekdnbnk56xlxforb5owt3dn9,2022-2023,LaLiga,40.48,0.48,40,133
c9cp6fxbxyc2a3kfotkompxx,2022-2023,LaLiga,37.1,-1.9,39,106
s96k2x2cts0vo6y6aaeui5zp,2022-2023,LaLiga,33.8,2.8,31,104
w503zyr8ipyobglth281uklx,2022-2023,LaLiga,33.22,0.22,33,133
4vlurpsi44g09g159t61u83bp,2022-2023,LaLiga,32.68,-1.32,34,104
6crmq7vzqts58wg196q48sc7p,2022-2023,LaLiga,31.45,2.45,29,118
bglk6tokkpgjltpzljp1p345x,2022-2023,LaLiga,30.11,-4.89,35,93
76r2yw3wtql61qh5l0yumdn85,2022-2023,LaLiga,28.63,2.63,26,87
2e55g4q93y382cg7h0yk5rtud,2022-2023,LaLiga,23.84,8.84,15,98
c1b9p5bk8hfyw0bi6thva0lw5,2022-2023,LaLiga,22.08,-5.92,28,72
59ndqnsvggsoek170rdqyd1w5,2022-2023,LaLiga,21.99,-2.01,24,62
2yt9oajv9dkbju8tgy1g2nmqd,2022-2023,LaLiga,21.74,1.74,20,79
amjegysk3et638l4od103c7o5,2022-2023,LaLiga,21.12,-0.88,22,71
15no5m0njma23gf0ygu9agt05,2022-2023,LaLiga,20.9,2.9,18,77
5vyiq10fusxvrx4tajz9lmg9h,2022-2023,LaLiga,18.72,-2.28,21,51
agd2nhvdhp18dg1weape5olpl,2022-2023,LaLiga,18.03,1.03,17,50
4wbwcfbeokv5j4nuudbxgaw2d,2022-2023,LaLiga,17.37,-0.63,18,43
cfhk5255hz4wbs2zsrq219a6t,2022-2023,LaLiga,15.52,3.52,12,48
bahph7009sc73jl6s2bramn6d,2022-2023,LaLiga,13.63,1.63,12,55
1lgrnaje6y7un5dzzll84p91,2022-2023,LaLiga,12.54,2.54,10,56
6wfwy94p5bm0zv3aku0urfq39,2022-2023,LaLiga,11.91,-2.09,14,41
1vn3xi2x6vtjor1bt1ob1vk5x,2022-2023,LaLiga,11.7,2.7,9,42
cfm1cx3wneiqljgyv0tthp0ph,2022-2023,LaLiga,6.23,1.23,5,23
1tctbwsidibct7wphjgv8mdm2,2022-2023,LaLiga,5.36,-0.64,6,19
38bp85766w04a0nuulq5fiig9,2022-2023,LaLiga,4.79,-1.21,6,18
c0pl96o1zkrgvukte9zefl591,2022-2023,LaLiga,2.63,-1.37,4,8
4sz26vstr6b7b110eri7f42jt,2022-2023,LaLiga,2.03,-0.97,3,8
5f8kjgsaabn2li5r7bvpebbsa,2022-2023,LaLiga,1.84,-1.16,3,4
9xwog4v0ij8m1vs7doi52li39,2022-2023,LaLiga,1.71,-2.29,4,5
eiqcjlj9kmitoj8g50vaglawa,2022-2023,LaLiga,1.57,-1.43,3,6
4mxx1oxkiexm0ha34utcmb17t,2022-2023,LaLiga,1.2,-0.8,2,4
cvcyevmxcd2ly0yoxi0djquol,2022-2023,LaLiga,0.92,-1.08,2,5
d0di86falsvqnl1c4ev98my5m,2022-2023,LaLiga,0.74,-0.26,1,1
d8om2m3knmfqt17u5emlapi50,2022-2023,LaLiga,0.13,0.13,0,3
5qh2kdatvb03o8oiqvkaaxje2,2022-2023,LaLiga,0.1,0.1,0,4
8xdrtww8r5jbxuxtall0wh591,2022-2023,Ligue 1,59.94,-3.06,63,177
2vgr8c97x4b2e51tyvvixusid,2022-2023,Ligue 1,59.07,0.07,59,174
3yk6n0wr6nc0dlm51gwvwi4t1,2022-2023,Ligue 1,57.37,3.37,54,179
7h2icfuwy00ilm14dw5xyl5g5,2022-2023,Ligue 1,54.96,2.96,52,176
c6u4h9wy88ymj6whiz93jknv9,2022-2023,Ligue 1,54.04,7.04,47,161
f0e5posm9z0oma2t3u9k1qy95,2022-2023,Ligue 1,53.88,3.88,50,179
cgqunmh8aw465fna15rdve8d1,2022-2023,Ligue 1,53.39,-5.61,59,143
d3xdl3p9vd1c0m316oq2pblxx,2022-2023,Ligue 1,50.58,-4.42,55,195
3xpo0nc3hysdi41gupi7adot1,2022-2023,Ligue 1,47.68,-11.32,59,133
4cetkl0w2uq40ccti5ka6a4t1,2022-2023,Ligue 1,43.89,4.89,39,160
d3mss0i879krqrk1owzmj2c45,2022-2023,Ligue 1,42.49,4.49,38,135
89sv092huj2obzdazmft854a1,2022-2023,Ligue 1,36.41,6.41,30,137
8govqd0xf8ijst50tgypaep5h,2022-2023,Ligue 1,36.39,1.39,35,141
26atxu4fr8f87oi8mt6z70mhh,2022-2023,Ligue 1,35.75,2.75,33,123
25cggz2egeqce47yijxadsslx,2022-2023,Ligue 1,34.91,7.91,27,125
cym4wbw14zw1jh4jsp3sbyk0l,2022-2023,Ligue 1,34.12,4.12,30,110
2t05pfvho7i9w9w01zcz3gz4l,2022-2023,Ligue 1,33.5,-7.5,41,96
6wfwy94p5bm0zv3aku0urfq39,2022-2023,Ligue 1,32.55,10.55,22,96
8h5jl1u3p8sr2pwdmyxl14416,2022-2023,Ligue 1,30.52,2.52,28,105
6790uxmc1zs4emxtqf7vl6imt,2022-2023,Ligue 1,28.62,0.62,28,98
3z6ekzop4y7cjuatzz9ua74k5,2022-2023,Ligue 1,25.0,1.0,24,73
6oi4a3g56xe76g0gg38knmzmd,2022-2023,Ligue 1,24.64,0.64,24,84
6wplm29z7qxxmujyc2ml19gix,2022-2023,Ligue 1,21.24,2.24,19,74
1bs4vwqye00mn2oaxrvfkkt7t,2022-2023,Ligue 1,18.0,2.0,16,51
821ma6ofy7t9wtdvu1w6uni09,2022-2023,Ligue 1,17.98,-0.02,18,54
4ilnnpfgjfz35lni9ppzd93v9,2022-2023,Ligue 1,11.14,-1.86,13,29
8wz2w0267i1845k87hxsgandh,2022-2023,Ligue 1,9.43,-3.57,13,24
a065rtv2lfh0rso33dfuah4ut,2022-2023,Ligue 1,9.38,-1.62,11,25
2ols4tslj83nkbztgkx9s92hh,2022-2023,Ligue 1,8.11,-4.89,13,17
7to9ns7mkuji0ciwh1ufkq3md,2022-2023,Ligue 1,7.08,1.08,6,20
3o70kdbjt6w1aw7rkq3a4fecq,2022-2023,Ligue 1,6.31,-1.69,8,16
4dbs7cgevy096gouv60eurh05,2022-2023,Ligue 1,4.03,0.03,4,19
8pgocmr00qw7b9919c8zh4bmx,2022-2023,Ligue 1,3.5,1.5,2,6
cglp4k40r1t672m7j0eb5ktsl,2022-2023,Ligue 1,1.96,-0.04,2,11
6ds6v3u0jyno9kzjkve3dp8mh,2022-2023,Ligue 1,1.73,-1.27,3,8
ctygavkrblcxra880nwej0bf9,2022-2023,Ligue 1,1.36,0.36,1,6
3ngai7brgwxmnx3c7dmmed5ud,2022-2023,Ligue 1,1.35,0.35,1,4
9bkmr1gybyw8iuliqkxew3e5m,2022-2023,Ligue 1,0.99,0.99,0,4
a0rtzwzmnn4wj58rdrj95rvft,2022-2023,Ligue 1,0.81,-1.19,2,3
1ixibe50te4j2gjhbufm72aui,2022-2023,Ligue 1,0.26,0.26,0,3
cpf5wp34pu80qzvcwakjhh905,2022-2023,Primeira Liga,55.12,10.12,45,181
1ocxh5s9uo0s8ag79j7iv6acp,2022-2023,Primeira Liga,47.56,6.56,41,146
byk4cll4gdgp2n5ocxrb5j1t5,2022-2023,Primeira Liga,45.35,-0.65,46,129
6ddxujeb3873j5evwiz8n4wt0,2022-2023,Primeira Liga,43.23,0.23,43,151
4k2wic25asdlmuqr17e3s6nkl,2022-2023,Primeira Liga,42.55,11.55,31,131
ekjpc2tvdk5jtiamtufdqkr85,2022-2023,Primeira Liga,41.84,-0.16,42,122
ckog922pr9vqy2ry4m7o5ag2d,2022-2023,Primeira Liga,41.67,4.67,37,146
25n2vrjnz5qsm5pigyn3ps8vd,2022-2023,Primeira Liga,41.42,10.42,31,134
1tkq6knbo350vy0o8aieijmxh,2022-2023,Primeira Liga,40.68,7.68,33,150
9uc54rlxmahbfppv97zi81yhh,2022-2023,Primeira Liga,37.13,1.13,36,133
5nlzolv5bg03eiopba58rs251,2022-2023,Primeira Liga,33.35,4.35,29,112
664x98r3mbynnh19u1cx984q,2022-2023,Primeira Liga,32.68,6.68,26,121
2accix9saahg900cja5e9iw9h,2022-2023,Primeira Liga,28.54,3.54,25,97
342kh2ue733edf9q7s0a2edat,2022-2023,Primeira Liga,27.49,-0.51,28,91
d79vlrccz170hzdh35nhsf1ed,2022-2023,Primeira Liga,23.83,4.83,19,79
1k5y6mool4qz2xtg6mp892vh1,2022-2023,Primeira Liga,23.64,3.64,20,81
4nl5hapemrmmuh1r8afne8b85,2022-2023,Primeira Liga,22.42,-0.58,23,68
3y7h2e79gvzrqor9gg854dl91,2022-2023,Primeira Liga,20.19,-2.81,23,53
7jtc6yk5xu4cm1an97wrgozbp,2022-2023,Primeira Liga,20.0,1.0,19,72
30bhky4x90yqfyzhsawfz6pcl,2022-2023,Primeira Liga,19.1,4.1,15,55
53y263xxfdf1itytiqhg3v6c5,2022-2023,Primeira Liga,13.39,-3.61,17,33
90v8e01hdffgqom4pwhjl0mvp,2022-2023,Primeira Liga,10.63,1.63,9,31
921pmr49x4ijt9tnww0d2sixh,2022-2023,Primeira Liga,9.75,-2.25,12,35
2m69fipbiuwtg7sfvmx99lw16,2022-2023,Primeira Liga,7.8,-1.2,9,18
3uma2r2ks9a44deiwpncec8np,2022-2023,Primeira Liga,7.65,-3.35,11,20
chwv6iayowufvu6hb1fg6ydwp,2022-2023,Primeira Liga,7.49,0.49,7,18
e2nsy4zv5hw9x13mp604tr8ix,2022-2023,Primeira Liga,7.44,-2.56,10,22
e4x6fx7njwfevkwf1t0ocyq51,2022-2023,Primeira Liga,7.0,-0.0,7,16
8nesxmzgmtxcr5vu3881j6ane,2022-2023,Primeira Liga,6.99,1.99,5,26
6a34imgccsbw4zysasuziuad,2022-2023,Primeira Liga,5.62,-3.38,9,15
ag5ozuf1o3ixkdrdb39g9dasp,2022-2023,Primeira Liga,4.0,-1.0,5,18
5881z0950eh6003uukdwkuql0,2022-2023,Primeira Liga,3.79,0.79,3,8
c7wta7tm5rfielv4211c253v9,2022-2023,Primeira Liga,3.48,-0.52,4,10
5tlj5yw513al38b6uvzmslfbp,2022-2023,Primeira Liga,3.17,1.17,2,18
cuc7gtr9q0465wxmzgq834ag9,2022-2023,Primeira Liga,2.09,-0.91,3,4
t89fo4c79gkcq5wowch0xwd0,2022-2023,Primeira Liga,1.84,-1.16,3,9
12uvfzb3xe7bk4h6xl6c8cet,2022-2023,Primeira Liga,1.7,0.7,1,5
8lv60zbly3xz43g9hm2s7oqcq,2022-2023,Primeira Liga,1.4,0.4,1,6
39a3ez9nwq3q2gysqilq9d9ii,2022-2023,Primeira Liga,1.34,-0.66,2,3
4wces11j8ejvbpz1zqd94b7fu,2022-2023,Primeira Liga,1.22,0.22,1,6
c3pxiexbciif7uu845ivx5hhx,2022-2023,Primeira Liga,0.75,-0.25,1,1
9hqhder3adhjjovepuv4yst79,2022-2023,Primeira Liga,0.63,-1.37,2,5
chfqy504a1mnfs67pbdbk0jfu,2022-2023,Primeira Liga,0.03,0.03,0,1
c7fky0h6gi7wmibnv2tzf6mz9,2022-2023,Serie A,53.36,-3.64,57,190
b3hr4q25jvqr7565z5ydqylt5,2022-2023,Serie A,50.84,2.84,48,167
4hrmzpx1nt5ze55fpby71mcb9,2022-2023,Serie A,50.02,4.02,46,161
93237ztqyi3r4hu3rmgzrgudx,2022-2023,Serie A,47.98,1.98,46,137
4g0d51pqr4grzoe9cx7do6pxx,2022-2023,Serie A,46.84,-7.16,54,169
3nfxhugbxid6o0r92txslivh1,2022-2023,Serie A,45.56,2.56,43,156
eu9b86opw6n66vftu1r5alfqh,2022-2023,Serie A,44.32,-1.68,46,153
h12c7ocq35slzrop3ltnrsnp,2022-2023,Serie A,44.24,6.24,38,134
1r5gn4osgwz2b2b4sefncbhed,2022-2023,Serie A,37.22,-15.78,53,117
2luxnwcabb7msig7odfq5p5g5,2022-2023,Serie A,36.25,3.25,33,105
5syage212151fcixahbq3k8ut,2022-2023,Serie A,35.3,-5.7,41,136
2udciji4n7tr07ft7twe2r9w5,2022-2023,Serie A,34.22,-1.78,36,96
8n4rruxbnzvjgdomxslnmcno5,2022-2023,Serie A,32.76,4.76,28,125
e2dn4s6p2f6xnbaje17wd3jyt,2022-2023,Serie A,31.67,-5.33,37,121
d1e3dsz9lf7g69g2l6zfurpp1,2022-2023,Serie A,28.97,1.97,27,87
6ofu6yc2qwp5ii9cerdq1tk9h,2022-2023,Serie A,28.36,2.36,26,93
7gu0t0g8nej405k918fwsf8id,2022-2023,Serie A,27.85,-6.15,34,108
af58rhtg8ck7c8g7nwfs67d91,2022-2023,Serie A,24.11,0.11,24,91
7drgir9lcwfst8vxz07jboe6t,2022-2023,Serie A,22.98,-2.02,25,89
6wplm29z7qxxmujyc2ml19gix,2022-2023,Serie A,21.71,2.71,19,64
8kttsnok9bbh7kpy3zz3j2xg5,2022-2023,Serie A,20.33,-1.67,22,83
awpcf5w245iug4znjqctuebpx,2022-2023,Serie A,19.91,-3.09,23,64
3fpnfgoy4lbpapv2th6g60cet,2022-2023,Serie A,19.54,-1.46,21,62
3ww5879aay1xf2a20nl9ihwid,2022-2023,Serie A,19.39,-1.61,21,64
7kph61hobc93t2c2tl8l5j105,2022-2023,Serie A,18.59,-2.41,21,61
c9lu69xk59a75bnpzgalh1kut,2022-2023,Serie A,15.61,-1.39,17,52
3o573dblmfc1o3wkkt2nva8k5,2022-2023,Serie A,11.28,4.28,7,40
34fm990bf5wm1xkdig1pjon6y,2022-2023,Serie A,9.26,0.26,9,30
9jx56wcoj1htd69i749wfwkx5,2022-2023,Serie A,7.14,-1.86,9,24
u60zu48a4zqnupyxp2d0mqqd,2022-2023,Serie A,5.54,-0.46,6,24
f8kcf2l4h2qzdww1vof5x9t5,2022-2023,Serie A,3.11,0.11,3,11
el58uxf7oaqu95yx1vbgmr7it,2022-2023,Serie A,2.84,-0.16,3,10
bmqg7owjivu1f3grdigkid0b9,2022-2023,Serie A,2.73,-1.27,4,13
6k790p49tjwkhlwf9afll9jo5,2022-2023,Serie A,2.68,-0.32,3,6
a3o9x85aooe65w5r3ibs8ltk9,2022-2023,Serie A,2.6,-0.4,3,8
bpt2fdnjjpb6a5ehdepyedxt6,2022-2023,Serie A,2.47,-0.53,3,7
q86iuo0cn7dlhvgwz6ix1mqy,2022-2023,Serie A,1.74,-0.26,2,3
68jk3onf54kl1mdfz8zuicvkl,2022-2023,Serie A,1.52,-0.48,2,4
71p9z7bqvgzb5t115fmos6fop,2022-2023,Serie A,1.36,0.36,1,3
6jwy293owzzhldv4i9wxntjv9,2022-2023,Serie A,1.35,-1.65,3,5
2rdh9ggkr9iu50esnyv464dsl,2022-2023,Serie A,1.32,-0.68,2,3
8ud1kq9mdgukhlbda5vcn0s0l,2022-2023,Serie A,1.19,1.19,0,5
c2ezyc2fftje7rcm5ybbuytp1,2022-2023,Serie A,0.82,0.82,0,4
84so0uovope0pkt6cz2iisbth,2022-2023,Serie A,0.71,0.71,0,2
46twjsjrm4ljb7bhobbpwx5h,2022-2023,Serie A,0.61,0.61,0,4
4494989zl7g13nw17wan5adp1,2022-2023,Serie A,0.31,-0.69,1,1
5d6d4oc2rpau0mbbbt2dmtzv9,2021-2022,Bundesliga,58.53,7.53,51,176
bagn0ce4xunsiz3mezrtqx1p1,2021-2022,Bundesliga,57.91,-2.09,60,182
cm8po8ez5w9ms01gid6w3kwk5,2021-2022,Bundesliga,53.47,-2.53,56,155
61xxo4zsk6hby0swa756l3wlx,2021-2022,Bundesliga,52.49,-1.51,54,156
7obuhegyo1qcoikt23egcsr85,2021-2022,Bundesliga,50.29,5.29,45,157
clmq1s26z0i3lqr1jqnd5wzit,2021-2022,Bundesliga,48.23,7.23,41,155
5bzowvtg5vhntcx1w3roriehh,2021-2022,Bundesliga,45.3,-5.7,51,139
cg6h7oq0b5zpx1g4brhzyk1xx,2021-2022,Bundesliga,44.38,0.38,44,154
bfpax581lm91ebz4xgz40a191,2021-2022,Bundesliga,42.63,2.63,40,118
dvo2f7d0yosn404wsrsgeprdh,2021-2022,Bundesliga,42.31,-8.69,51,123
920yurg08gqayxwc80q9f8ixh,2021-2022,Bundesliga,40.18,2.18,38,141
9rjd95oqotnalxmv56v7p1r6d,2021-2022,Bundesliga,37.88,0.88,37,110
ci1nu5z8aiiikco8af0zk1lud,2021-2022,Bundesliga,37.55,-3.45,41,120
3tb27261f8mpzpq3prpv8ng0l,2021-2022,Bundesliga,35.1,2.1,33,111
dduj8a3ejx8nmozrlpsa3rj6d,2021-2022,Bundesliga,32.14,-3.86,36,104
4zfgh6wq7svx418tzwf0gfavp,2021-2022,Bundesliga,28.44,1.44,27,98
64pzn3jdqo6y2izlpm8n3tvpx,2021-2022,Bundesliga,23.43,-2.57,26,89
8nrqwprsc1ww9kxb4lj0cyzmd,2021-2022,Bundesliga,23.35,-2.65,26,72
ev73ja3lqg6g947fbb0ux79hx,2021-2022,Bundesliga,23.27,-4.73,28,54
xtbkmjbqwop0n2jvmnovidp1,2021-2022,Bundesliga,20.2,-2.8,23,62
224uan6ugjt7b2c1zsxrs2pcl,2021-2022,Bundesliga,19.44,-0.56,20,56
4u4lkw0zq671i7p9agoa57x7t,2021-2022,Bundesliga,15.49,-4.51,20,49
53ozrqkupvt2iyi2xg0swf7px,2021-2022,Bundesliga,12.16,-0.84,13,38
de3mpa534obonqn4h2v10f6xh,2021-2022,Bundesliga,8.36,1.36,7,21
4h3aawt897usa7wkw4i4d8gyd,2021-2022,Bundesliga,8.26,-3.74,12,25
br2uswvdgoj7ndkx7mnbwgyd,2021-2022,Bundesliga,7.6,-2.4,10,23
62gct49oglcdzxafhrfucrb2t,2021-2022,Bundesliga,7.41,0.41,7,24
8l1mv5qd9vwade754v3l8epjp,2021-2022,Bundesliga,3.66,-0.34,4,18
3r2j2j3v6kgmauw5yv9j3x1hx,2021-2022,Bundesliga,2.86,-4.14,7,12
d2gbcc336c4zatpiif4cvm2fp,2021-2022,Bundesliga,2.23,-0.77,3,5
7446u69ki15qcyq2jtszacm3t,2021-2022,Bundesliga,1.86,0.86,1,6
dh15r2p7e0c5cwezilhq3fi6t,2021-2022,Bundesliga,1.35,-1.65,3,7
ctbga50jrrv0riauh2g3bu9xx,2021-2022,Bundesliga,1.13,1.13,0,4
3yqxkw0tqpoucur51ieh9xdrd,2021-2022,Bundesliga,1.12,-1.88,3,4
f2ibn3ej2doay3b4u8ezeix62,2021-2022,Bundesliga,1.05,0.05,1,4
7y56q44sss2o7my2surg4kzit,2021-2022,Bundesliga,0.84,-0.16,1,1
6rz47c6i1e4umc7kbh961x5ud,2021-2022,Bundesliga,0.59,-1.41,2,4
9z1hb45wjhq63ebn88b079k2d,2021-2022,Bundesliga,0.45,-0.55,1,2
slsd8022q9s3uugsafaqt2ol,2021-2022,Bundesliga,0.32,-0.68,1,3
8szyip8c62bier901hmpqc7vt,2021-2022,English Premier League,63.38,-13.62,77,219
8govqd0xf8ijst50tgypaep5h,2021-2022,English Premier League,61.88,4.88,57,187
e00004wkpfc8jawioejmpu1n9,2021-2022,English Premier League,56.26,2.26,54,180
e8dina16u5kt5ho4u5igtmimt,2021-2022,English Premier League,53.83,-0.17,54,170
8wp415u3d2culxpmg7vzk33kl,2021-2022,English Premier League,53.0,-7.0,60,165
71rob1lsnmdviy1siakkzpqdx,2021-2022,English Premier League,49.04,10.04,39,160
eagrmpe9ft8daly57l1ja8lhx,2021-2022,English Premier League,49.01,1.01,48,162
9s9i1a7hdq5bud8ma2dqi295h,2021-2022,English Premier League,48.51,2.51,46,165
d9yxninyn4bac8f0ufxsnlqll,2021-2022,English Premier League,43.8,1.8,42,141
3zl1q2gk6tdmzirsyfgm38no5,2021-2022,English Premier League,43.21,-2.79,46,140
6yovfcug6e9hykfauqy0fq67d,2021-2022,English Premier League,38.47,0.47,38,128
7w4l5mrrrg66wvdd8ndb5zb9x,2021-2022,English Premier League,38.29,4.29,34,106
ombvyo6p3p5khkn91vubvpat,2021-2022,English Premier League,38.16,-0.84,39,137
3fzhzvsdd41o4b1lq4ozydgwl,2021-2022,English Premier League,37.32,-10.68,48,116
8wz5pdydepr5kzcichz17pv4l,2021-2022,English Premier League,35.58,2.58,33,101
8k88isvd2hwr5e4gn9oxzr2t,2021-2022,English Premier League,30.99,-2.01,33,116
22s7hpp9k5ihtc2pwiaytdp05,2021-2022,English Premier League,27.79,-2.21,30,102
d3p7p18i2ybzlwz5p5gjdd239,2021-2022,English Premier League,26.05,-0.95,27,71
4iijb6llnz28unsz4rirr3umt,2021-2022,English Premier League,25.63,-1.37,27,103
53d0pvr7ylvfhp6p749iniqc5,2021-2022,English Premier League,24.78,1.78,23,99
23637o19ff0sw18pqv8g96ndh,2021-2022,English Premier League,23.85,-2.15,26,83
2tjqsh6m3neu2afie2u7yj6c5,2021-2022,English Premier League,23.84,-2.16,26,72
agd2nhvdhp18dg1weape5olpl,2021-2022,English Premier League,22.81,0.81,22,69
3rtuz9v8j72g7582pqbuaijf9,2021-2022,English Premier League,21.05,-0.95,22,57
7yte0egh8y7assst6g0vnn9w5,2021-2022,English Premier League,9.98,-1.02,11,28
cnoomjxp6tna0mx2ycuptgixh,2021-2022,English Premier League,9.79,-4.21,14,37
7rnd1uiknmho0s7a0objtnlcl,2021-2022,English Premier League,9.64,-2.36,12,22
2f79rc4i712sxstahjkq6pxp1,2021-2022,English Premier League,9.23,0.23,9,19
5tlxrhab4kdeud8d2r9z9hk2d,2021-2022,English Premier League,5.45,-1.55,7,18
6bhm9cfkwxv5ojh49rqv11g45,2021-2022,English Premier League,4.56,-0.44,5,11
8bhdwi4p824s82bbzkh2vy6t,2021-2022,English Premier League,3.66,-1.34,5,13
6j3wbk9xlq4om4m8ih6b3tyvp,2021-2022,English Premier League,3.4,1.4,2,13
41ii5y9ebz5e3xhaif9kc8qmt,2021-2022,English Premier League,2.94,-2.06,5,7
cpkhrnagjt43vjzf058psq0gl,2021-2022,English Premier League,2.65,-0.35,3,7
4myy5br8yj5678xlji3up1ryt,2021-2022,English Premier League,2.49,-0.51,3,5
dpw4s6nbkfcrjlqxxgf9j5yhh,2021-2022,English Premier League,2.35,0.35,2,8
5h2biadv4hd2ntcd7zo2c8639,2021-2022,English Premier League,1.73,0.73,1,5
328p2bnnvpv59ei2cf68kgy51,2021-2022,English Premier League,1.73,-1.27,3,4
31xsuz1icsj7zt1462swjpk2d,2021-2022,English Premier League,1.66,-0.34,2,5
9eaevg9okpy4gcm6yofg7vbv9,2021-2022,English Premier League,1.21,0.21,1,3
9trvbmdwo8fkndwjz9mr1bfmx,2021-2022,English Premier League,0.85,-0.15,1,5
f2ou2jbp6zpccfa48v52f4dlh,2021-2022,English Premier League,0.22,0.22,0,2
el98wqtf7w1ap9ei2bxqwtx3p,2021-2022,LaLiga,55.16,4.16,51,170
71p9z7bqvgzb5t115fmos6fop,2021-2022,LaLiga,54.31,1.31,53,177
bglk6tokkpgjltpzljp1p345x,2021-2022,LaLiga,52.6,-7.4,60,148
9xwog4v0ij8m1vs7doi52li39,2021-2022,LaLiga,51.77,4.77,47,157
amjegysk3et638l4od103c7o5,2021-2022,LaLiga,50.42,3.42,47,147
8rgy29sd9okehwq8bzyb3v0t1,2021-2022,LaLiga,43.38,2.38,41,136
vota9gwygxp3wc998tl7ldxx,2021-2022,LaLiga,42.61,2.61,40,132
9xhbpn45z9wvjidbmparzkdm1,2021-2022,LaLiga,39.64,-6.36,46,120
36bg0k385i4wwarffp6ak1syd,2021-2022,LaLiga,38.01,3.01,35,114
5dfvefxvwj8kixbajluw25mtx,2021-2022,LaLiga,34.53,1.53,33,118
6crmq7vzqts58wg196q48sc7p,2021-2022,LaLiga,33.34,4.34,29,120
2yt9oajv9dkbju8tgy1g2nmqd,2021-2022,LaLiga,32.96,-7.04,40,106
4vlurpsi44g09g159t61u83bp,2021-2022,LaLiga,32.59,2.59,30,111
w503zyr8ipyobglth281uklx,2021-2022,LaLiga,31.59,-0.41,32,112
2e55g4q93y382cg7h0yk5rtud,2021-2022,LaLiga,29.93,-4.07,34,109
alkcbccyfsjddm897cgz7wel1,2021-2022,LaLiga,29.74,2.74,27,77
c9cp6fxbxyc2a3kfotkompxx,2021-2022,LaLiga,28.62,4.62,24,100
4j81hjpvajdlojf5a53ennwt1,2021-2022,LaLiga,28.06,3.06,25,75
1lgrnaje6y7un5dzzll84p91,2021-2022,LaLiga,28.01,1.01,27,100
15no5m0njma23gf0ygu9agt05,2021-2022,LaLiga,24.68,-4.32,29,81
ckjcm9q26zd6q8tkq0go6oxcl,2021-2022,LaLiga,21.65,-5.35,27,57
20o2dr1mdk18xhxmkujzgak89,2021-2022,LaLiga,21.58,1.58,20,75
s96k2x2cts0vo6y6aaeui5zp,2021-2022,LaLiga,20.53,-0.47,21,76
1vn3xi2x6vtjor1bt1ob1vk5x,2021-2022,LaLiga,19.79,2.79,17,56
1f2t5vsayiiluw330yiw4ft1x,2021-2022,LaLiga,17.36,0.36,17,60
aphehe8k4e6o0vho93xmxcyxh,2021-2022,LaLiga,15.12,-0.88,16,45
5vyiq10fusxvrx4tajz9lmg9h,2021-2022,LaLiga,9.75,0.75,9,28
c7i0lduij4vsnluxisdnaxsk5,2021-2022,LaLiga,6.63,2.63,4,16
7udphhcokm6vralyz5gkovxsl,2021-2022,LaLiga,4.71,-0.29,5,15
1tctbwsidibct7wphjgv8mdm2,2021-2022,LaLiga,4.66,-0.34,5,20
bahph7009sc73jl6s2bramn6d,2021-2022,LaLiga,4.08,-0.92,5,19
1um5sa7iogc29aadvkabadyad,2021-2022,LaLiga,4.08,0.08,4,14
1j75xt37w8q04ixbyjwhtfh05,2021-2022,LaLiga,4.07,-1.93,6,16
8iiowapklgy791tcwowpqddqt,2021-2022,LaLiga,4.07,1.07,3,11
38bp85766w04a0nuulq5fiig9,2021-2022,LaLiga,3.71,1.71,2,9
5qh2kdatvb03o8oiqvkaaxje2,2021-2022,LaLiga,3.29,-0.71,4,14
eyoshl5vt3jkjmc8zfxxev3dh,2021-2022,LaLiga,2.54,1.54,1,9
8ktlzedieskw7pjsgatlac4q1,2021-2022,LaLiga,1.48,-0.52,2,4
5f8kjgsaabn2li5r7bvpebbsa,2021-2022,LaLiga,1.32,-1.68,3,3
4sz26vstr6b7b110eri7f42jt,2021-2022,LaLiga,1.2,-1.8,3,6
86vrnjycj2o3mg6k7hohpzoyc,2021-2022,LaLiga,0.86,-0.14,1,2
ed3bp9uiwa7h03wddi028xdgq,2021-2022,LaLiga,0.72,-0.28,1,4
2emkdexg3dqwcozylbubfyj8p,2021-2022,LaLiga,0.33,-0.67,1,2
7h2icfuwy00ilm14dw5xyl5g5,2021-2022,Ligue 1,53.14,-1.86,55,170
f0e5posm9z0oma2t3u9k1qy95,2021-2022,Ligue 1,52.02,5.02,47,155
2t05pfvho7i9w9w01zcz3gz4l,2021-2022,Ligue 1,45.81,-15.19,61,133
cgqunmh8aw465fna15rdve8d1,2021-2022,Ligue 1,45.49,-8.51,54,139
6ekdnbnk56xlxforb5owt3dn9,2021-2022,Ligue 1,44.75,0.75,44,161
d3mss0i879krqrk1owzmj2c45,2021-2022,Ligue 1,44.27,1.27,43,152
d3xdl3p9vd1c0m316oq2pblxx,2021-2022,Ligue 1,43.82,6.82,37,141
8xdrtww8r5jbxuxtall0wh591,2021-2022,Ligue 1,42.64,-0.36,43,135
3z6ekzop4y7cjuatzz9ua74k5,2021-2022,Ligue 1,42.3,2.3,40,158
a56woizbe4g6jpl3fg4tlgno5,2021-2022,Ligue 1,40.6,5.6,35,141
2vgr8c97x4b2e51tyvvixusid,2021-2022,Ligue 1,37.57,-4.43,42,130
3ngai7brgwxmnx3c7dmmed5ud,2021-2022,Ligue 1,32.82,-1.18,34,103
6q53ei01tbb5kxjr1mhfjysph,2021-2022,Ligue 1,31.17,-3.83,35,91
a0rtzwzmnn4wj58rdrj95rvft,2021-2022,Ligue 1,30.26,-3.74,34,99
53tqqwl5dpxn0v5zluabsmms5,2021-2022,Ligue 1,29.95,-7.05,37,92
26atxu4fr8f87oi8mt6z70mhh,2021-2022,Ligue 1,29.91,-1.09,31,86
cemwhtlpcizu8en6ckkx2tuc5,2021-2022,Ligue 1,28.86,-1.14,30,86
9hny5ktb9jc3vb8m9faalryl1,2021-2022,Ligue 1,25.89,1.89,24,67
1bwo1ljvvdcz7ih5z0led8l7u,2021-2022,Ligue 1,24.75,-2.25,27,71
cfhk5255hz4wbs2zsrq219a6t,2021-2022,Ligue 1,22.64,-4.36,27,85
7wpg2om9a0dgwlmir4zh4lhp1,2021-2022,Ligue 1,21.53,-10.47,32,66
46txjpjtorkcwcm9bj4nqq4tl,2021-2022,Ligue 1,21.32,-5.68,27,61
2zexsyiv8krax7x4qnglrm2fp,2021-2022,Ligue 1,19.88,-5.12,25,57
7yo4lvxpxatlbuov6n702lp79,2021-2022,Ligue 1,19.55,-0.45,20,65
4cetkl0w2uq40ccti5ka6a4t1,2021-2022,Ligue 1,18.5,2.5,16,61
2ols4tslj83nkbztgkx9s92hh,2021-2022,Ligue 1,16.77,-2.23,19,66
9sme7jykdv8msgfu0nxx6h39x,2021-2022,Ligue 1,16.68,-2.32,19,81
7t9ixlae5t9v8moc6brwcec4p,2021-2022,Ligue 1,15.19,-4.81,20,57
lmajc04uubkhfmvdvpnktvit,2021-2022,Ligue 1,14.03,1.03,13,44
3o70kdbjt6w1aw7rkq3a4fecq,2021-2022,Ligue 1,12.93,-0.07,13,36
8c44ama4w8abj70rkgciwlawa,2021-2022,Ligue 1,11.45,0.45,11,25
paox5q06x88wn1ibq8kzpdqt,2021-2022,Ligue 1,10.85,-3.15,14,42
bab51bcstsqnh8vscezs28fyt,2021-2022,Ligue 1,8.05,0.05,8,24
4pzjvj5jwm7p0siz055ixe40l,2021-2022,Ligue 1,6.96,1.96,5,21
cym4wbw14zw1jh4jsp3sbyk0l,2021-2022,Ligue 1,6.48,0.48,6,26
8pgocmr00qw7b9919c8zh4bmx,2021-2022,Ligue 1,1.55,0.55,1,5
a4y1cyul7lu5sisj5jetgsz4l,2021-2022,Ligue 1,1.05,-0.95,2,3
cgeh7qj32flqu9p3a4wnn3s9h,2021-2022,Ligue 1,0.04,0.04,0,1
bftdu4ku64qiwknok31dmdxhx,2021-2022,Primeira Liga,54.27,2.27,52,158
a4rbrzom0u87sk3uc15sxndg5,2021-2022,Primeira Liga,48.81,7.81,41,158
4wces11j8ejvbpz1zqd94b7fu,2021-2022,Primeira Liga,45.21,1.21,44,149
77988i6l4je97ycm9rthdims5,2021-2022,Primeira Liga,43.58,3.58,40,138
6ddxujeb3873j5evwiz8n4wt0,2021-2022,Primeira Liga,40.26,-3.74,44,131
5tlj5yw513al38b6uvzmslfbp,2021-2022,Primeira Liga,38.31,5.31,33,131
c2mhdatj96x8eug6mekactrkl,2021-2022,Primeira Liga,36.98,2.98,34,103
2accix9saahg900cja5e9iw9h,2021-2022,Primeira Liga,35.45,4.45,31,110
90v8e01hdffgqom4pwhjl0mvp,2021-2022,Primeira Liga,34.65,-6.35,41,113
ekjpc2tvdk5jtiamtufdqkr85,2021-2022,Primeira Liga,33.65,-2.35,36,96
c3baobq2ekhdux5zubyo83o45,2021-2022,Primeira Liga,32.15,-2.85,35,83
7jtc6yk5xu4cm1an97wrgozbp,2021-2022,Primeira Liga,30.97,1.97,29,104
e4x6fx7njwfevkwf1t0ocyq51,2021-2022,Primeira Liga,25.92,-2.08,28,82
5nlzolv5bg03eiopba58rs251,2021-2022,Primeira Liga,25.5,-1.5,27,106
d79vlrccz170hzdh35nhsf1ed,2021-2022,Primeira Liga,23.23,1.23,22,69
1ocxh5s9uo0s8ag79j7iv6acp,2021-2022,Primeira Liga,22.21,-1.79,24,94
342kh2ue733edf9q7s0a2edat,2021-2022,Primeira Liga,22.13,1.13,21,81
8pd7rkac98cx4xgnz2u12c3x1,2021-2022,Primeira Liga,20.91,-3.09,24,66
k5zoj6nv60whksh42eztymsp,2021-2022,Primeira Liga,20.86,-2.14,23,74
12uvfzb3xe7bk4h6xl6c8cet,2021-2022,Primeira Liga,17.23,0.23,17,50
3948j6ya5agm0g8xbw0ob7v85,2021-2022,Primeira Liga,15.24,-0.76,16,58
664x98r3mbynnh19u1cx984q,2021-2022,Primeira Liga,14.09,2.09,12,45
8lksmpg3qh7q3m54gwwrj7xlh,2021-2022,Primeira Liga,11.41,-1.59,13,30
a3m32hxx72wkpqie5jy80eulm,2021-2022,Primeira Liga,11.21,-0.79,12,30
bf1mp1b8eiofiv77euditumz9,2021-2022,Primeira Liga,10.66,-4.34,15,42
c95rs02m9val77b1sjxt1j7c9,2021-2022,Primeira Liga,10.06,-3.94,14,31
8nesxmzgmtxcr5vu3881j6ane,2021-2022,Primeira Liga,9.6,-0.4,10,34
cv81v16ec9r5xpjo08i518c7p,2021-2022,Primeira Liga,7.49,-0.51,8,18
3y7h2e79gvzrqor9gg854dl91,2021-2022,Primeira Liga,5.61,1.61,4,18
30bhky4x90yqfyzhsawfz6pcl,2021-2022,Primeira Liga,5.56,2.56,3,21
6zc6cs596hufgbhu6jv3g2o2y,2021-2022,Primeira Liga,3.46,0.46,3,11
eyx26ovp8qa7fn27nxp8rne5m,2021-2022,Primeira Liga,2.82,-3.18,6,10
cpf5wp34pu80qzvcwakjhh905,2021-2022,Primeira Liga,2.79,0.79,2,10
27qujk13hyssx89mydavpohqt,2021-2022,Primeira Liga,2.79,-1.21,4,6
53y263xxfdf1itytiqhg3v6c5,2021-2022,Primeira Liga,2.62,0.62,2,6
2983qoliizrxvsi9sb9c5wwoa,2021-2022,Primeira Liga,2.34,0.34,2,5
22qr1zrkxo3zphz0xwnlakhzo,2021-2022,Primeira Liga,2.3,-1.7,4,6
9hqhder3adhjjovepuv4yst79,2021-2022,Primeira Liga,2.04,0.04,2,6
93ri0h7kjcng9e2v5yktcw5xw,2021-2022,Primeira Liga,1.9,0.9,1,9
b2f67gkfb59hda2vka59e7qol,2021-2022,Primeira Liga,1.63,1.63,0,5
dtxysky39b63q1rdmg9df7tn9,2021-2022,Primeira Liga,1.51,-1.49,3,4
xbk4zraauvq1cj1w5yz08kb9,2021-2022,Primeira Liga,0.86,0.86,0,1
c7wta7tm5rfielv4211c253v9,2021-2022,Primeira Liga,0.8,0.8,0,3
c3pxiexbciif7uu845ivx5hhx,2021-2022,Primeira Liga,0.05,0.05,0,1
7rvlba00jv66w7wtdmk178a95,2021-2022,Primeira Liga,0.03,0.03,0,1
h12c7ocq35slzrop3ltnrsnp,2021-2022,Serie A,66.85,2.85,64,216
1r5gn4osgwz2b2b4sefncbhed,2021-2022,Serie A,56.88,-5.12,62,171
6jwy293owzzhldv4i9wxntjv9,2021-2022,Serie A,55.13,-6.87,62,168
4hrmzpx1nt5ze55fpby71mcb9,2021-2022,Serie A,55.06,4.06,51,174
8ud1kq9mdgukhlbda5vcn0s0l,2021-2022,Serie A,52.55,-4.45,57,180
8n4rruxbnzvjgdomxslnmcno5,2021-2022,Serie A,48.86,-0.14,49,165
93237ztqyi3r4hu3rmgzrgudx,2021-2022,Serie A,45.98,-3.02,49,141
c7fky0h6gi7wmibnv2tzf6mz9,2021-2022,Serie A,42.78,-5.22,48,137
e2dn4s6p2f6xnbaje17wd3jyt,2021-2022,Serie A,42.37,-4.63,47,130
7gu0t0g8nej405k918fwsf8id,2021-2022,Serie A,41.04,0.04,41,146
a5mhnzw94w836ncxtg7u5xuc5,2021-2022,Serie A,39.98,-7.02,47,135
7drgir9lcwfst8vxz07jboe6t,2021-2022,Serie A,37.26,-2.74,40,121
c9lu69xk59a75bnpzgalh1kut,2021-2022,Serie A,34.48,5.48,29,124
6ofu6yc2qwp5ii9cerdq1tk9h,2021-2022,Serie A,31.38,2.38,29,105
3bsl2xgtd1odzn9zwfrz6lfpx,2021-2022,Serie A,31.18,0.18,31,105
2udciji4n7tr07ft7twe2r9w5,2021-2022,Serie A,29.46,-8.54,38,94
ebzt12h6z4a9mok0rohagmzf9,2021-2022,Serie A,28.49,0.49,28,86
3pfmoo8wtwa7pyzkenc0xj5qt,2021-2022,Serie A,28.29,1.29,27,84
5syage212151fcixahbq3k8ut,2021-2022,Serie A,27.74,-5.26,33,80
9n8332rcl3v2jq0b791i0s5w5,2021-2022,Serie A,27.55,3.55,24,106
3fpnfgoy4lbpapv2th6g60cet,2021-2022,Serie A,25.67,5.67,20,101
d1e3dsz9lf7g69g2l6zfurpp1,2021-2022,Serie A,23.83,-0.17,24,78
76r2yw3wtql61qh5l0yumdn85,2021-2022,Serie A,22.46,-6.54,29,60
bmqg7owjivu1f3grdigkid0b9,2021-2022,Serie A,13.29,-5.71,19,43
3nfxhugbxid6o0r92txslivh1,2021-2022,Serie A,11.69,-1.31,13,53
4g0d51pqr4grzoe9cx7do6pxx,2021-2022,Serie A,11.62,0.62,11,32
42p4op3tm9umpwxyxde5xjefp,2021-2022,Serie A,11.29,3.29,8,41
bgwbowoiz7t2lvpit75zlqz11,2021-2022,Serie A,10.14,1.14,9,39
7kph61hobc93t2c2tl8l5j105,2021-2022,Serie A,8.96,-0.04,9,24
af58rhtg8ck7c8g7nwfs67d91,2021-2022,Serie A,6.99,0.99,6,29
al3t9fzj4ab55yux0zkd1jkr9,2021-2022,Serie A,6.48,-1.52,8,21
3ww5879aay1xf2a20nl9ihwid,2021-2022,Serie A,5.76,0.76,5,18
4y9swvi27eh7vyn48vbrdp9ed,2021-2022,Serie A,5.61,0.61,5,17
5gnywqecwvt5yxied85hu4x2i,2021-2022,Serie A,5.61,-0.39,6,15
3o573dblmfc1o3wkkt2nva8k5,2021-2022,Serie A,4.39,-0.61,5,15
46twjsjrm4ljb7bhobbpwx5h,2021-2022,Serie A,2.8,0.8,2,9
68jk3onf54kl1mdfz8zuicvkl,2021-2022,Serie A,2.79,-2.21,5,8
co1vwppy1870xm5iymj3wmp5h,2021-2022,Serie A,2.61,-0.39,3,7
6wplm29z7qxxmujyc2ml19gix,2021-2022,Serie A,1.84,-0.16,2,3
6k790p49tjwkhlwf9afll9jo5,2021-2022,Serie A,1.7,-1.3,3,5
8rlf5vjyddkcid5ysa3yo7hlh,2021-2022,Serie A,1.65,-0.35,2,3
lytldf000kafs2h6g92esfrp,2021-2022,Serie A,0.9,-0.1,1,4
awpcf5w245iug4znjqctuebpx,2021-2022,Serie A,0.84,-0.16,1,1
wiyhb64zg4hxe0dussuc3209,2021-2022,Serie A,0.8,0.8,0,1
7p19t0mn8cq7xum09nv2u2lt5,2021-2022,Serie A,0.43,0.43,0,3
eqggzoepu1d4t13fw6ybebtn9,2021-2022,Serie A,0.35,0.35,0,1
x8runqzjfkym8r7kdy3a8t0,2021-2022,Serie A,0.22,0.22,0,1
copo8qsmvy2fhpi1aev6f46i1,2021-2022,Serie A,0.07,0.07,0,1
5d6d4oc2rpau0mbbbt2dmtzv9,2020-2021,Bundesliga,53.98,2.98,51,170
224uan6ugjt7b2c1zsxrs2pcl,2020-2021,Bundesliga,53.47,-5.53,59,155
61xxo4zsk6hby0swa756l3wlx,2020-2021,Bundesliga,52.38,1.38,51,178
9rjd95oqotnalxmv56v7p1r6d,2020-2021,Bundesliga,51.34,-1.66,53,157
expxslws50h0iw0logr02gs7p,2020-2021,Bundesliga,50.06,-3.94,54,157
cm8po8ez5w9ms01gid6w3kwk5,2020-2021,Bundesliga,45.95,-3.05,49,132
7obuhegyo1qcoikt23egcsr85,2020-2021,Bundesliga,45.6,-4.4,50,150
5bzowvtg5vhntcx1w3roriehh,2020-2021,Bundesliga,45.12,1.12,44,157
8td0ccul6gf7r5benk1pxqrx1,2020-2021,Bundesliga,44.57,-2.43,47,142
64pzn3jdqo6y2izlpm8n3tvpx,2020-2021,Bundesliga,43.01,1.01,42,123
bagn0ce4xunsiz3mezrtqx1p1,2020-2021,Bundesliga,42.32,-9.68,52,138
ci1nu5z8aiiikco8af0zk1lud,2020-2021,Bundesliga,41.88,-3.12,45,142
dduj8a3ejx8nmozrlpsa3rj6d,2020-2021,Bundesliga,41.49,0.49,41,132
dvo2f7d0yosn404wsrsgeprdh,2020-2021,Bundesliga,38.12,-0.88,39,108
bfpax581lm91ebz4xgz40a191,2020-2021,Bundesliga,31.79,-0.21,32,108
7y56q44sss2o7my2surg4kzit,2020-2021,Bundesliga,28.42,-1.58,30,92
3tb27261f8mpzpq3prpv8ng0l,2020-2021,Bundesliga,27.88,-2.12,30,80
cg6h7oq0b5zpx1g4brhzyk1xx,2020-2021,Bundesliga,27.85,0.85,27,83
8l1mv5qd9vwade754v3l8epjp,2020-2021,Bundesliga,23.08,0.08,23,68
4h3aawt897usa7wkw4i4d8gyd,2020-2021,Bundesliga,13.59,-1.41,15,44
d2gbcc336c4zatpiif4cvm2fp,2020-2021,Bundesliga,8.46,-1.54,10,20
920yurg08gqayxwc80q9f8ixh,2020-2021,Bundesliga,8.22,2.22,6,18
avp82zop4q55b2z62tww92311,2020-2021,Bundesliga,7.82,-4.18,12,33
7446u69ki15qcyq2jtszacm3t,2020-2021,Bundesliga,7.35,0.35,7,21
cub8yovn04qjhs35k7wuwt7th,2020-2021,Bundesliga,7.1,-3.9,11,24
dh15r2p7e0c5cwezilhq3fi6t,2020-2021,Bundesliga,4.57,1.57,3,13
53ozrqkupvt2iyi2xg0swf7px,2020-2021,Bundesliga,3.31,-0.69,4,14
byk5vhf9l112i7hhy1clravp,2020-2021,Bundesliga,3.28,0.28,3,8
slsd8022q9s3uugsafaqt2ol,2020-2021,Bundesliga,3.25,-0.75,4,13
62gct49oglcdzxafhrfucrb2t,2020-2021,Bundesliga,2.65,1.65,1,9
3yqxkw0tqpoucur51ieh9xdrd,2020-2021,Bundesliga,1.56,-0.44,2,4
7m4pw4plxndt68iq7f3s60cet,2020-2021,Bundesliga,1.21,1.21,0,4
39sis9riui0wotbrsivt23oid,2020-2021,Bundesliga,1.08,0.08,1,3
d3xdl3p9vd1c0m316oq2pblxx,2020-2021,Bundesliga,0.91,-1.09,2,4
38fhsva1ntfv3rzpm9nbtevze,2020-2021,Bundesliga,0.79,-0.21,1,6
5frs9u0spep2j3gszu06awo9h,2020-2021,English Premier League,71.99,0.99,71,234
6yovfcug6e9hykfauqy0fq67d,2020-2021,English Premier League,57.88,-2.12,60,206
8k88isvd2hwr5e4gn9oxzr2t,2020-2021,English Premier League,55.39,-8.61,64,169
8szyip8c62bier901hmpqc7vt,2020-2021,English Premier League,52.77,2.77,50,188
9eaevg9okpy4gcm6yofg7vbv9,2020-2021,English Premier League,52.35,5.35,47,161
3zl1q2gk6tdmzirsyfgm38no5,2020-2021,English Premier League,50.25,5.25,45,186
d3p7p18i2ybzlwz5p5gjdd239,2020-2021,English Premier League,47.65,-8.35,56,147
7gu0t0g8nej405k918fwsf8id,2020-2021,English Premier League,46.91,-1.09,48,148
ombvyo6p3p5khkn91vubvpat,2020-2021,English Premier League,46.85,4.85,42,155
8govqd0xf8ijst50tgypaep5h,2020-2021,English Premier League,45.25,-2.75,48,136
9s9i1a7hdq5bud8ma2dqi295h,2020-2021,English Premier League,41.89,5.89,36,149
eagrmpe9ft8daly57l1ja8lhx,2020-2021,English Premier League,40.88,0.88,40,138
e8dina16u5kt5ho4u5igtmimt,2020-2021,English Premier League,38.16,0.16,38,128
cnoomjxp6tna0mx2ycuptgixh,2020-2021,English Premier League,36.65,-4.35,41,126
53d0pvr7ylvfhp6p749iniqc5,2020-2021,English Premier League,34.55,2.55,32,115
2f79rc4i712sxstahjkq6pxp1,2020-2021,English Premier League,32.94,-0.06,33,119
e00004wkpfc8jawioejmpu1n9,2020-2021,English Premier League,28.66,-1.34,30,90
23637o19ff0sw18pqv8g96ndh,2020-2021,English Premier League,27.62,0.62,27,93
d9yxninyn4bac8f0ufxsnlqll,2020-2021,English Premier League,25.4,-0.6,26,91
22s7hpp9k5ihtc2pwiaytdp05,2020-2021,English Premier League,22.1,-1.9,24,81
7w4l5mrrrg66wvdd8ndb5zb9x,2020-2021,English Premier League,17.38,-0.62,18,62
7udphhcokm6vralyz5gkovxsl,2020-2021,English Premier League,17.05,-2.95,20,44
5z8ycnd0smdkumi5fgtzf7c9h,2020-2021,English Premier League,12.56,0.56,12,51
8wz5pdydepr5kzcichz17pv4l,2020-2021,English Premier League,10.74,-0.26,11,31
4myy5br8yj5678xlji3up1ryt,2020-2021,English Premier League,9.5,0.5,9,30
f218jdmezq860bqxbp6x5krft,2020-2021,English Premier League,8.15,-5.85,14,24
6j3wbk9xlq4om4m8ih6b3tyvp,2020-2021,English Premier League,6.99,-1.01,8,23
2r4ox2h5r7doo3ys9ynm2nbo5,2020-2021,English Premier League,6.63,-2.37,9,18
46jsa691lantlbcfqm1rtnlcl,2020-2021,English Premier League,4.92,-0.08,5,9
1f2t5vsayiiluw330yiw4ft1x,2020-2021,English Premier League,2.95,0.95,2,10
6o74ue6gk2m4qyiq2wimael79,2020-2021,English Premier League,2.78,-0.22,3,5
dpw4s6nbkfcrjlqxxgf9j5yhh,2020-2021,English Premier League,2.03,1.03,1,7
28f271b9dr7hknp0s82mlu5lh,2020-2021,English Premier League,1.93,-1.07,3,9
cf8iupi91wh0n9v6t9fsu5hat,2020-2021,English Premier League,1.54,-0.46,2,6
6bhm9cfkwxv5ojh49rqv11g45,2020-2021,English Premier League,1.35,-1.65,3,3
4s848k6xkf7jqp11jkoit2a51,2020-2021,English Premier League,1.07,-2.93,4,6
cpkhrnagjt43vjzf058psq0gl,2020-2021,English Premier League,1.04,0.04,1,4
f2ou2jbp6zpccfa48v52f4dlh,2020-2021,English Premier League,0.98,-0.02,1,2
7yte0egh8y7assst6g0vnn9w5,2020-2021,English Premier League,0.92,-1.08,2,5
7rvlba00jv66w7wtdmk178a95,2020-2021,English Premier League,0.4,0.4,0,3
bglk6tokkpgjltpzljp1p345x,2020-2021,LaLiga,52.79,-4.21,57,141
36bg0k385i4wwarffp6ak1syd,2020-2021,LaLiga,51.59,5.59,46,141
s96k2x2cts0vo6y6aaeui5zp,2020-2021,LaLiga,48.51,-5.49,54,137
el98wqtf7w1ap9ei2bxqwtx3p,2020-2021,LaLiga,43.83,-0.17,44,127
bahph7009sc73jl6s2bramn6d,2020-2021,LaLiga,42.14,-6.86,49,129
8iiowapklgy791tcwowpqddqt,2020-2021,LaLiga,39.47,-0.53,40,130
amjegysk3et638l4od103c7o5,2020-2021,LaLiga,38.46,1.46,37,125
74gwlzg12wr9pkwmdh9xpa505,2020-2021,LaLiga,37.75,-2.25,40,115
15no5m0njma23gf0ygu9agt05,2020-2021,LaLiga,37.37,-4.63,42,120
5vyiq10fusxvrx4tajz9lmg9h,2020-2021,LaLiga,36.94,-1.06,38,118
2yt9oajv9dkbju8tgy1g2nmqd,2020-2021,LaLiga,36.86,14.86,22,122
4vlurpsi44g09g159t61u83bp,2020-2021,LaLiga,35.67,-3.33,39,108
w503zyr8ipyobglth281uklx,2020-2021,LaLiga,34.3,-2.7,37,105
6crmq7vzqts58wg196q48sc7p,2020-2021,LaLiga,34.17,7.17,27,116
agd2nhvdhp18dg1weape5olpl,2020-2021,LaLiga,30.69,-0.31,31,95
vota9gwygxp3wc998tl7ldxx,2020-2021,LaLiga,28.82,0.82,28,81
c9cp6fxbxyc2a3kfotkompxx,2020-2021,LaLiga,28.68,2.68,26,106
2e55g4q93y382cg7h0yk5rtud,2020-2021,LaLiga,28.62,-1.38,30,106
1vn3xi2x6vtjor1bt1ob1vk5x,2020-2021,LaLiga,25.25,1.25,24,75
59ndqnsvggsoek170rdqyd1w5,2020-2021,LaLiga,25.24,-1.76,27,74
4dbs7cgevy096gouv60eurh05,2020-2021,LaLiga,22.68,-6.32,29,64
ax5fuknlz3zc3fcesya61iod1,2020-2021,LaLiga,21.87,-1.13,23,61
dlc9ht6hrf8bu1sxgqkm8fh79,2020-2021,LaLiga,17.71,-2.29,20,54
38djgtm6tgoy9someczzz0dsl,2020-2021,LaLiga,16.3,-0.7,17,46
alkcbccyfsjddm897cgz7wel1,2020-2021,LaLiga,13.39,2.39,11,45
9xhbpn45z9wvjidbmparzkdm1,2020-2021,LaLiga,11.1,0.1,11,39
1j75xt37w8q04ixbyjwhtfh05,2020-2021,LaLiga,10.88,2.88,8,24
99oklts0o80agp6lhf42m8445,2020-2021,LaLiga,10.09,-1.91,12,30
1um5sa7iogc29aadvkabadyad,2020-2021,LaLiga,7.28,1.28,6,24
eavhyxb9dfjh0jp5yzg8p8udx,2020-2021,LaLiga,6.45,-1.55,8,22
cfm1cx3wneiqljgyv0tthp0ph,2020-2021,LaLiga,6.19,-3.81,10,17
96i6oov7nvetigfn4hzr9kd79,2020-2021,LaLiga,5.26,0.26,5,14
6bc01uw8zznztph00x7y63q39,2020-2021,LaLiga,4.81,-1.19,6,9
2hrvdb06yrucnomiiv2fplv6c,2020-2021,LaLiga,3.29,1.29,2,9
8ktlzedieskw7pjsgatlac4q1,2020-2021,LaLiga,2.89,-0.11,3,8
1lgrnaje6y7un5dzzll84p91,2020-2021,LaLiga,2.83,-1.17,4,8
8yprzddflq9ozrl94x2cpz9p1,2020-2021,LaLiga,2.8,-0.2,3,6
cp50szf00paf89wnh2cczw89h,2020-2021,LaLiga,2.29,-0.71,3,6
arrnspfznjcs9fmng4finp87p,2020-2021,LaLiga,1.97,-0.03,2,4
d84pd71v2zrxdiofttck7ydpl,2020-2021,LaLiga,1.32,-0.68,2,3
c7i0lduij4vsnluxisdnaxsk5,2020-2021,LaLiga,0.05,0.05,0,1
7nau6llcp8td7s3zmiyr39yad,2020-2021,Ligue 1,63.22,-7.78,71,196
6l9y6rn336e3i3z1rvns435xx,2020-2021,Ligue 1,53.44,-6.56,60,169
f0e5posm9z0oma2t3u9k1qy95,2020-2021,Ligue 1,52.5,-1.5,54,168
3z6ekzop4y7cjuatzz9ua74k5,2020-2021,Ligue 1,52.37,-0.63,53,163
6ekdnbnk56xlxforb5owt3dn9,2020-2021,Ligue 1,52.35,4.35,48,162
a56woizbe4g6jpl3fg4tlgno5,2020-2021,Ligue 1,50.97,-2.03,53,176
cgqunmh8aw465fna15rdve8d1,2020-2021,Ligue 1,50.89,-6.11,57,139
2t05pfvho7i9w9w01zcz3gz4l,2020-2021,Ligue 1,47.5,-7.5,55,156
3ngai7brgwxmnx3c7dmmed5ud,2020-2021,Ligue 1,42.89,-5.11,48,136
cym4wbw14zw1jh4jsp3sbyk0l,2020-2021,Ligue 1,39.81,-4.19,44,127
53tqqwl5dpxn0v5zluabsmms5,2020-2021,Ligue 1,36.86,-0.14,37,127
d3mss0i879krqrk1owzmj2c45,2020-2021,Ligue 1,36.76,-4.24,41,134
11opu790oivpq9iauocjs4fs9,2020-2021,Ligue 1,34.99,1.99,33,93
9hny5ktb9jc3vb8m9faalryl1,2020-2021,Ligue 1,33.5,0.5,33,107
6q53ei01tbb5kxjr1mhfjysph,2020-2021,Ligue 1,32.06,-10.94,43,111
cgeh7qj32flqu9p3a4wnn3s9h,2020-2021,Ligue 1,31.93,0.93,31,91
bab51bcstsqnh8vscezs28fyt,2020-2021,Ligue 1,29.29,-10.71,40,100
3fpnfgoy4lbpapv2th6g60cet,2020-2021,Ligue 1,28.19,7.19,21,107
9sme7jykdv8msgfu0nxx6h39x,2020-2021,Ligue 1,26.57,8.57,18,92
2jg5cmi31tqa03msmz8bgu8yd,2020-2021,Ligue 1,22.04,-6.96,29,66
2zexsyiv8krax7x4qnglrm2fp,2020-2021,Ligue 1,21.36,-2.64,24,56
6wfwy94p5bm0zv3aku0urfq39,2020-2021,Ligue 1,21.09,-4.91,26,68
a4y1cyul7lu5sisj5jetgsz4l,2020-2021,Ligue 1,13.61,-0.39,14,54
6oi4a3g56xe76g0gg38knmzmd,2020-2021,Ligue 1,12.01,-1.99,14,33
1bwo1ljvvdcz7ih5z0led8l7u,2020-2021,Ligue 1,10.68,2.68,8,28
a065rtv2lfh0rso33dfuah4ut,2020-2021,Ligue 1,9.91,-3.09,13,32
ckjcm9q26zd6q8tkq0go6oxcl,2020-2021,Ligue 1,9.9,1.9,8,36
2vgr8c97x4b2e51tyvvixusid,2020-2021,Ligue 1,9.56,-3.44,13,26
7t9ixlae5t9v8moc6brwcec4p,2020-2021,Ligue 1,9.3,2.3,7,34
cemwhtlpcizu8en6ckkx2tuc5,2020-2021,Ligue 1,7.43,-2.57,10,23
2pi9d72w417av039jxj2rlqt,2020-2021,Ligue 1,3.34,-0.66,4,11
paox5q06x88wn1ibq8kzpdqt,2020-2021,Ligue 1,3.3,0.3,3,7
9hevpy9tmw1de75wifk3odvit,2020-2021,Ligue 1,1.88,-0.12,2,5
8c44ama4w8abj70rkgciwlawa,2020-2021,Ligue 1,1.64,-2.36,4,4
8pgocmr00qw7b9919c8zh4bmx,2020-2021,Ligue 1,1.51,0.51,1,3
89sv092huj2obzdazmft854a1,2020-2021,Ligue 1,1.19,0.19,1,6
d5ecnjd6h89iepxrvrlfn97ft,2020-2021,Ligue 1,1.06,0.06,1,2
22s7hpp9k5ihtc2pwiaytdp05,2020-2021,Ligue 1,0.7,-0.3,1,1
2ols4tslj83nkbztgkx9s92hh,2020-2021,Primeira Liga,50.47,2.47,48,147
c3baobq2ekhdux5zubyo83o45,2020-2021,Primeira Liga,44.53,7.53,37,138
2accix9saahg900cja5e9iw9h,2020-2021,Primeira Liga,39.96,-1.04,41,129
9liw7vzbn9jjt4v8saal3bu8l,2020-2021,Primeira Liga,39.95,1.95,38,125
6jdphm5rdi6cwv8l4iuh8ao5x,2020-2021,Primeira Liga,39.8,6.8,33,125
921pmr49x4ijt9tnww0d2sixh,2020-2021,Primeira Liga,36.31,-0.69,37,107
4fuj2gwg2b51fcl5vies20ut,2020-2021,Primeira Liga,34.18,1.18,33,119
90v8e01hdffgqom4pwhjl0mvp,2020-2021,Primeira Liga,33.22,-0.78,34,106
5nlzolv5bg03eiopba58rs251,2020-2021,Primeira Liga,33.1,0.1,33,95
30bhky4x90yqfyzhsawfz6pcl,2020-2021,Primeira Liga,32.39,5.39,27,120
5tlj5yw513al38b6uvzmslfbp,2020-2021,Primeira Liga,31.56,-2.44,34,109
bftdu4ku64qiwknok31dmdxhx,2020-2021,Primeira Liga,30.98,3.98,27,87
c1b9p5bk8hfyw0bi6thva0lw5,2020-2021,Primeira Liga,28.17,2.17,26,86
6ddxujeb3873j5evwiz8n4wt0,2020-2021,Primeira Liga,26.07,0.07,26,77
bvdpvj8cnz2i8shf5tifm74k5,2020-2021,Primeira Liga,23.89,-3.11,27,77
c95rs02m9val77b1sjxt1j7c9,2020-2021,Primeira Liga,22.88,-4.12,27,75
342kh2ue733edf9q7s0a2edat,2020-2021,Primeira Liga,20.57,2.57,18,75
58bdjnuhsu8gurdi31nc1yymt,2020-2021,Primeira Liga,19.61,1.61,18,64
5qeoxuy2ymw09u7nrjmdzd8t1,2020-2021,Primeira Liga,18.58,-0.42,19,55
7jtc6yk5xu4cm1an97wrgozbp,2020-2021,Primeira Liga,17.64,2.64,15,64
8rfll5ql6e256y98xwrh5o4b9,2020-2021,Primeira Liga,15.02,-3.98,19,45
exmgyk2vlg5n0wcefdfv603px,2020-2021,Primeira Liga,13.95,-2.05,16,42
b2f67gkfb59hda2vka59e7qol,2020-2021,Primeira Liga,13.75,3.75,10,46
9hqhder3adhjjovepuv4yst79,2020-2021,Primeira Liga,8.46,-3.54,12,28
ep49gikzduh1ip36sybgzhhat,2020-2021,Primeira Liga,8.33,1.33,7,29
e5837ne2inl59i34wpq30e6l1,2020-2021,Primeira Liga,6.93,-1.07,8,25
8pd7rkac98cx4xgnz2u12c3x1,2020-2021,Primeira Liga,4.6,-3.4,8,11
yr3qxofpyz0x0m4btfy6xxat,2020-2021,Primeira Liga,4.37,0.37,4,14
ddqhpd2j2r1mm0gdz9e5dd6tx,2020-2021,Primeira Liga,4.33,-0.67,5,15
8nesxmzgmtxcr5vu3881j6ane,2020-2021,Primeira Liga,4.22,1.22,3,19
eubzxwokg6nzftjd3myxsyfv9,2020-2021,Primeira Liga,2.96,-1.04,4,9
1jpicm41z7stnjr3snjfvjget,2020-2021,Primeira Liga,2.22,0.22,2,8
9pr59pj6am8lt9iaeckshe2fp,2020-2021,Primeira Liga,1.86,-2.14,4,4
rtp0zbd3i2e6qqyfdb02yivo,2020-2021,Primeira Liga,1.76,-0.24,2,5
p1gmrht3k9yg2mp26uhh58tl,2020-2021,Primeira Liga,1.73,-2.27,4,9
d79vlrccz170hzdh35nhsf1ed,2020-2021,Primeira Liga,1.64,-1.36,3,4
3948j6ya5agm0g8xbw0ob7v85,2020-2021,Primeira Liga,1.56,-0.44,2,6
el58uxf7oaqu95yx1vbgmr7it,2020-2021,Primeira Liga,0.99,-0.01,1,2
a4rbrzom0u87sk3uc15sxndg5,2020-2021,Primeira Liga,0.5,0.5,0,5
d2rpdm4aukj5tgmefs0jffkkp,2020-2021,Primeira Liga,0.42,-0.58,1,1
c3pxiexbciif7uu845ivx5hhx,2020-2021,Primeira Liga,0.11,0.11,0,2
2983qoliizrxvsi9sb9c5wwoa,2020-2021,Primeira Liga,0.06,0.06,0,1
71p9z7bqvgzb5t115fmos6fop,2020-2021,Primeira Liga,0.02,0.02,0,1
84so0uovope0pkt6cz2iisbth,2020-2021,Serie A,74.58,-14.42,89,207
c7fky0h6gi7wmibnv2tzf6mz9,2020-2021,Serie A,63.98,-4.02,68,172
d1e3dsz9lf7g69g2l6zfurpp1,2020-2021,Serie A,59.6,-13.4,73,181
4g0d51pqr4grzoe9cx7do6pxx,2020-2021,Serie A,56.21,2.21,54,141
e2dn4s6p2f6xnbaje17wd3jyt,2020-2021,Serie A,53.57,0.57,53,173
6jwy293owzzhldv4i9wxntjv9,2020-2021,Serie A,53.34,0.34,53,182
1r5gn4osgwz2b2b4sefncbhed,2020-2021,Serie A,53.04,-1.96,55,185
8ud1kq9mdgukhlbda5vcn0s0l,2020-2021,Serie A,51.38,-10.62,62,134
3o573dblmfc1o3wkkt2nva8k5,2020-2021,Serie A,50.33,8.33,42,158
7drgir9lcwfst8vxz07jboe6t,2020-2021,Serie A,48.45,-2.55,51,149
4hrmzpx1nt5ze55fpby71mcb9,2020-2021,Serie A,47.67,2.67,45,147
8n4rruxbnzvjgdomxslnmcno5,2020-2021,Serie A,47.58,-7.42,55,131
4cetkl0w2uq40ccti5ka6a4t1,2020-2021,Serie A,38.57,1.57,37,126
93237ztqyi3r4hu3rmgzrgudx,2020-2021,Serie A,38.04,-1.96,40,131
76r2yw3wtql61qh5l0yumdn85,2020-2021,Serie A,37.5,-1.5,39,113
c9lu69xk59a75bnpzgalh1kut,2020-2021,Serie A,33.43,1.43,32,110
af58rhtg8ck7c8g7nwfs67d91,2020-2021,Serie A,28.64,0.64,28,81
6ofu6yc2qwp5ii9cerdq1tk9h,2020-2021,Serie A,28.01,-1.99,30,98
26atxu4fr8f87oi8mt6z70mhh,2020-2021,Serie A,27.0,1.0,26,85
u60zu48a4zqnupyxp2d0mqqd,2020-2021,Serie A,25.06,-0.94,26,69
68cu39v9m8pykapkh2b97ltqt,2020-2021,Serie A,17.23,-1.77,19,56
3ww5879aay1xf2a20nl9ihwid,2020-2021,Serie A,15.84,-4.16,20,43
9n8332rcl3v2jq0b791i0s5w5,2020-2021,Serie A,13.68,1.68,12,42
ebzt12h6z4a9mok0rohagmzf9,2020-2021,Serie A,13.1,-0.9,14,38
bmqg7owjivu1f3grdigkid0b9,2020-2021,Serie A,10.43,-1.57,12,29
8uquzmfx300426antgjjum09h,2020-2021,Serie A,9.64,0.64,9,27
2rdh9ggkr9iu50esnyv464dsl,2020-2021,Serie A,8.81,-2.19,11,18
9m6yva52cmdq7uu31qrwdrund,2020-2021,Serie A,7.82,-1.18,9,19
2692wwt1guis8gm2ajkkj2jje,2020-2021,Serie A,6.61,-0.39,7,26
dfg6chc84z74bxqltvimp1ot1,2020-2021,Serie A,6.21,1.21,5,18
ahjawcnamuz5zemfrjv76ckid,2020-2021,Serie A,5.75,0.75,5,21
5gnywqecwvt5yxied85hu4x2i,2020-2021,Serie A,5.59,-0.41,6,13
5syage212151fcixahbq3k8ut,2020-2021,Serie A,5.42,-0.58,6,20
h12c7ocq35slzrop3ltnrsnp,2020-2021,Serie A,4.98,-1.02,6,21
6u0921pkud1zq1lk4f3q9rl5h,2020-2021,Serie A,4.71,-2.29,7,10
3pcf58m2hgktlm15elgdyut3p,2020-2021,Serie A,3.62,-1.38,5,6
2udciji4n7tr07ft7twe2r9w5,2020-2021,Serie A,3.43,0.43,3,11
7kph61hobc93t2c2tl8l5j105,2020-2021,Serie A,3.16,0.16,3,7
a8s8bl5kp1rif458yt3qlevo5,2020-2021,Serie A,2.95,-0.05,3,12
17iqlyu99zttyubi6ya6yu9cl,2020-2021,Serie A,1.87,-0.13,2,4
80zpu611l5tdu3ih4c4pfh4np,2020-2021,Serie A,1.51,0.51,1,5
al3t9fzj4ab55yux0zkd1jkr9,2020-2021,Serie A,1.24,0.24,1,2
xrr0fx14jh64k1y1z0945fbp,2020-2021,Serie A,1.01,0.01,1,8
8rlf5vjyddkcid5ysa3yo7hlh,2020-2021,Serie A,0.99,-0.01,1,2
6wplm29z7qxxmujyc2ml19gix,2020-2021,Serie A,0.44,-0.56,1,6
4494989zl7g13nw17wan5adp1,2020-2021,Serie A,0.39,-0.61,1,3
a1qq1s0l8z3osf17rkwdsj5gq,2020-2021,Serie A,0.33,0.33,0,1
6k790p49tjwkhlwf9afll9jo5,2020-2021,Serie A,0.19,0.19,0,1
4stda5zeogc5athn5jw6f5fit,2020-2021,Serie A,0.18,0.18,0,1
co1vwppy1870xm5iymj3wmp5h,2020-2021,Serie A,0.03,0.03,0,1
