equipo,link,logo,cod_equipo,cod_liga,liga,url_squad,url_matches_equipo,url_seasonstats,equipo_folder
1. FC Heidenheim 1846,https://www.scoresway.com/en_GB/soccer/bundesliga-2025-2026/2bchmrj23l9u42d68ntcekob8/teams/1-fc-heidenheim-1846/3xcg7xikgrn2x8oa65sopb2is,https://omo.akamai.opta.net/image.php?h=www.scoresway.com&sport=football&entity=team&description=badges&dimensions=150&id=3xcg7xikgrn2x8oa65sopb2is,3xcg7xikgrn2x8oa65sopb2is,2bchmrj23l9u42d68ntcekob8,bundesliga-2025-2026,https://api.performfeeds.com/soccerdata/squads/ft1tiv1inq7v1sk3y9tv12yh5/?_rt=c&ctst=3xcg7xikgrn2x8oa65sopb2is&tmcl=2bchmrj23l9u42d68ntcekob8&_pgSz=50&_pgNm=1&_lcl=en&_fmt=jsonp&sps=widgets&_clbk=W36a69ea42267187557206bd469c7fb0f3658021fe,https://api.performfeeds.com/soccerdata/match/ft1tiv1inq7v1sk3y9tv12yh5/?_rt=c&tmcl=2bchmrj23l9u42d68ntcekob8&ctst=3xcg7xikgrn2x8oa65sopb2is&live=yes&_pgSz=400&_lcl=en&_fmt=jsonp&sps=widgets&_clbk=W33f0050db3e75175df98459729b3a80a9e239c39d,https://api.performfeeds.com/soccerdata/seasonstats/ft1tiv1inq7v1sk3y9tv12yh5/?_rt=c&tmcl=2bchmrj23l9u42d68ntcekob8&ctst=3xcg7xikgrn2x8oa65sopb2is&_lcl=en&_fmt=jsonp&sps=widgets&_clbk=W3912d9595ac9bb43dcd0598db0b46c5f422195a80,1._FC_Heidenheim_1846
1. FC Köln,https://www.scoresway.com/en_GB/soccer/bundesliga-2025-2026/2bchmrj23l9u42d68ntcekob8/teams/1-fc-köln/8q1ul09cygzswb7tb456bmifv,https://omo.akamai.opta.net/image.php?h=www.scoresway.com&sport=football&entity=team&description=badges&dimensions=150&id=8q1ul09cygzswb7tb456bmifv,8q1ul09cygzswb7tb456bmifv,2bchmrj23l9u42d68ntcekob8,bundesliga-2025-2026,https://api.performfeeds.com/soccerdata/squads/ft1tiv1inq7v1sk3y9tv12yh5/?_rt=c&ctst=8q1ul09cygzswb7tb456bmifv&tmcl=2bchmrj23l9u42d68ntcekob8&_pgSz=50&_pgNm=1&_lcl=en&_fmt=jsonp&sps=widgets&_clbk=W3d6804bbd8c51daf5c70b12059f4212380dbe346c,https://api.performfeeds.com/soccerdata/match/ft1tiv1inq7v1sk3y9tv12yh5/?_rt=c&tmcl=2bchmrj23l9u42d68ntcekob8&ctst=8q1ul09cygzswb7tb456bmifv&live=yes&_pgSz=400&_lcl=en&_fmt=jsonp&sps=widgets&_clbk=W305cf7334eae98baf33736210fd750e6793f855ef,https://api.performfeeds.com/soccerdata/seasonstats/ft1tiv1inq7v1sk3y9tv12yh5/?_rt=c&tmcl=2bchmrj23l9u42d68ntcekob8&ctst=8q1ul09cygzswb7tb456bmifv&_lcl=en&_fmt=jsonp&sps=widgets&_clbk=W3100ac89af574e5763b9165b32f6e3937f34344ff,1._FC_Köln
1. FC Union Berlin,https://www.scoresway.com/en_GB/soccer/bundesliga-2025-2026/2bchmrj23l9u42d68ntcekob8/teams/1-fc-union-berlin/a8d2gb2nag8fy0itbuxmcibh2,https://omo.akamai.opta.net/image.php?h=www.scoresway.com&sport=football&entity=team&description=badges&dimensions=150&id=a8d2gb2nag8fy0itbuxmcibh2,a8d2gb2nag8fy0itbuxmcibh2,2bchmrj23l9u42d68ntcekob8,bundesliga-2025-2026,https://api.performfeeds.com/soccerdata/squads/ft1tiv1inq7v1sk3y9tv12yh5/?_rt=c&ctst=a8d2gb2nag8fy0itbuxmcibh2&tmcl=2bchmrj23l9u42d68ntcekob8&_pgSz=50&_pgNm=1&_lcl=en&_fmt=jsonp&sps=widgets&_clbk=W3d0d75211e036ce16cb7ab5a575f7837302059add,https://api.performfeeds.com/soccerdata/match/ft1tiv1inq7v1sk3y9tv12yh5/?_rt=c&tmcl=2bchmrj23l9u42d68ntcekob8&ctst=a8d2gb2nag8fy0itbuxmcibh2&live=yes&_pgSz=400&_lcl=en&_fmt=jsonp&sps=widgets&_clbk=W385e9f3924fea5a40bcd8ed319fbccfd0c6eca933,https://api.performfeeds.com/soccerdata/seasonstats/ft1tiv1inq7v1sk3y9tv12yh5/?_rt=c&tmcl=2bchmrj23l9u42d68ntcekob8&ctst=a8d2gb2nag8fy0itbuxmcibh2&_lcl=en&_fmt=jsonp&sps=widgets&_clbk=W3d7731cd4ef51a96f4de3102b1ffd7b27d5039487,1._FC_Union_Berlin
1. FSV Mainz 05,https://www.scoresway.com/en_GB/soccer/bundesliga-2025-2026/2bchmrj23l9u42d68ntcekob8/teams/1-fsv-mainz-05/1c7qokc1j5z50cjj4tcu32haa,https://omo.akamai.opta.net/image.php?h=www.scoresway.com&sport=football&entity=team&description=badges&dimensions=150&id=1c7qokc1j5z50cjj4tcu32haa,1c7qokc1j5z50cjj4tcu32haa,2bchmrj23l9u42d68ntcekob8,bundesliga-2025-2026,https://api.performfeeds.com/soccerdata/squads/ft1tiv1inq7v1sk3y9tv12yh5/?_rt=c&ctst=1c7qokc1j5z50cjj4tcu32haa&tmcl=2bchmrj23l9u42d68ntcekob8&_pgSz=50&_pgNm=1&_lcl=en&_fmt=jsonp&sps=widgets&_clbk=W318ab9eaef952a8da828f65a43bae31e7b948fe8c,https://api.performfeeds.com/soccerdata/match/ft1tiv1inq7v1sk3y9tv12yh5/?_rt=c&tmcl=2bchmrj23l9u42d68ntcekob8&ctst=1c7qokc1j5z50cjj4tcu32haa&live=yes&_pgSz=400&_lcl=en&_fmt=jsonp&sps=widgets&_clbk=W393820f948054e18c99c94b1580812e84cf789276,https://api.performfeeds.com/soccerdata/seasonstats/ft1tiv1inq7v1sk3y9tv12yh5/?_rt=c&tmcl=2bchmrj23l9u42d68ntcekob8&ctst=1c7qokc1j5z50cjj4tcu32haa&_lcl=en&_fmt=jsonp&sps=widgets&_clbk=W3e569c8ac89bc719b6c9a20fbae31bda71c620562,1._FSV_Mainz_05
BV Borussia 09 Dortmund,https://www.scoresway.com/en_GB/soccer/bundesliga-2025-2026/2bchmrj23l9u42d68ntcekob8/teams/bv-borussia-09-dortmund/dt4pinj0vw0t0cvz7za6mhmzy,https://omo.akamai.opta.net/image.php?h=www.scoresway.com&sport=football&entity=team&description=badges&dimensions=150&id=dt4pinj0vw0t0cvz7za6mhmzy,dt4pinj0vw0t0cvz7za6mhmzy,2bchmrj23l9u42d68ntcekob8,bundesliga-2025-2026,https://api.performfeeds.com/soccerdata/squads/ft1tiv1inq7v1sk3y9tv12yh5/?_rt=c&ctst=dt4pinj0vw0t0cvz7za6mhmzy&tmcl=2bchmrj23l9u42d68ntcekob8&_pgSz=50&_pgNm=1&_lcl=en&_fmt=jsonp&sps=widgets&_clbk=W3f135c19a3894b05696f82f64959cdba37a5622c3,https://api.performfeeds.com/soccerdata/match/ft1tiv1inq7v1sk3y9tv12yh5/?_rt=c&tmcl=2bchmrj23l9u42d68ntcekob8&ctst=dt4pinj0vw0t0cvz7za6mhmzy&live=yes&_pgSz=400&_lcl=en&_fmt=jsonp&sps=widgets&_clbk=W3cd6ee07b81ac9d586c880436924cccc673fd5529,https://api.performfeeds.com/soccerdata/seasonstats/ft1tiv1inq7v1sk3y9tv12yh5/?_rt=c&tmcl=2bchmrj23l9u42d68ntcekob8&ctst=dt4pinj0vw0t0cvz7za6mhmzy&_lcl=en&_fmt=jsonp&sps=widgets&_clbk=W326fddfb4aab0ceb50b5545425d91b12a5e190b71,BV_Borussia_09_Dortmund
Bayer 04 Leverkusen,https://www.scoresway.com/en_GB/soccer/bundesliga-2025-2026/2bchmrj23l9u42d68ntcekob8/teams/bayer-04-leverkusen/7ad69ngbpjuyzv96drf8d9sn2,https://omo.akamai.opta.net/image.php?h=www.scoresway.com&sport=football&entity=team&description=badges&dimensions=150&id=7ad69ngbpjuyzv96drf8d9sn2,7ad69ngbpjuyzv96drf8d9sn2,2bchmrj23l9u42d68ntcekob8,bundesliga-2025-2026,https://api.performfeeds.com/soccerdata/squads/ft1tiv1inq7v1sk3y9tv12yh5/?_rt=c&ctst=7ad69ngbpjuyzv96drf8d9sn2&tmcl=2bchmrj23l9u42d68ntcekob8&_pgSz=50&_pgNm=1&_lcl=en&_fmt=jsonp&sps=widgets&_clbk=W357234692ff11eed94adadd1323008a5ee33a4df9,https://api.performfeeds.com/soccerdata/match/ft1tiv1inq7v1sk3y9tv12yh5/?_rt=c&tmcl=2bchmrj23l9u42d68ntcekob8&ctst=7ad69ngbpjuyzv96drf8d9sn2&live=yes&_pgSz=400&_lcl=en&_fmt=jsonp&sps=widgets&_clbk=W3d6b7dd2b27fa0194fef4e4fe806f9e0c77f9447e,https://api.performfeeds.com/soccerdata/seasonstats/ft1tiv1inq7v1sk3y9tv12yh5/?_rt=c&tmcl=2bchmrj23l9u42d68ntcekob8&ctst=7ad69ngbpjuyzv96drf8d9sn2&_lcl=en&_fmt=jsonp&sps=widgets&_clbk=W39d8441f0bafb391acdf15e1a82c56503a835a8b0,Bayer_04_Leverkusen
Borussia VfL Mönchengladbach,https://www.scoresway.com/en_GB/soccer/bundesliga-2025-2026/2bchmrj23l9u42d68ntcekob8/teams/borussia-vfl-mönchengladbach/go76xxm0xyfgqt1h6tcrtimm,https://omo.akamai.opta.net/image.php?h=www.scoresway.com&sport=football&entity=team&description=badges&dimensions=150&id=go76xxm0xyfgqt1h6tcrtimm,go76xxm0xyfgqt1h6tcrtimm,2bchmrj23l9u42d68ntcekob8,bundesliga-2025-2026,https://api.performfeeds.com/soccerdata/squads/ft1tiv1inq7v1sk3y9tv12yh5/?_rt=c&ctst=go76xxm0xyfgqt1h6tcrtimm&tmcl=2bchmrj23l9u42d68ntcekob8&_pgSz=50&_pgNm=1&_lcl=en&_fmt=jsonp&sps=widgets&_clbk=W38fbda462e0c5b71f9bdb8173edc9f7081570d434,https://api.performfeeds.com/soccerdata/match/ft1tiv1inq7v1sk3y9tv12yh5/?_rt=c&tmcl=2bchmrj23l9u42d68ntcekob8&ctst=go76xxm0xyfgqt1h6tcrtimm&live=yes&_pgSz=400&_lcl=en&_fmt=jsonp&sps=widgets&_clbk=W345e2d691fff574a9b0dbb8dc277c85d169a8ab7b,https://api.performfeeds.com/soccerdata/seasonstats/ft1tiv1inq7v1sk3y9tv12yh5/?_rt=c&tmcl=2bchmrj23l9u42d68ntcekob8&ctst=go76xxm0xyfgqt1h6tcrtimm&_lcl=en&_fmt=jsonp&sps=widgets&_clbk=W3d34dec560a214a02ae25384eca9a4396dbb6bf0f,Borussia_VfL_Mönchengladbach
Eintracht Frankfurt,https://www.scoresway.com/en_GB/soccer/bundesliga-2025-2026/2bchmrj23l9u42d68ntcekob8/teams/eintracht-frankfurt/c5hderjlkcoaze51e5wgvptk,https://omo.akamai.opta.net/image.php?h=www.scoresway.com&sport=football&entity=team&description=badges&dimensions=150&id=c5hderjlkcoaze51e5wgvptk,c5hderjlkcoaze51e5wgvptk,2bchmrj23l9u42d68ntcekob8,bundesliga-2025-2026,https://api.performfeeds.com/soccerdata/squads/ft1tiv1inq7v1sk3y9tv12yh5/?_rt=c&ctst=c5hderjlkcoaze51e5wgvptk&tmcl=2bchmrj23l9u42d68ntcekob8&_pgSz=50&_pgNm=1&_lcl=en&_fmt=jsonp&sps=widgets&_clbk=W3aea77f226a306a044dd2a21da63dd557ad09f186,https://api.performfeeds.com/soccerdata/match/ft1tiv1inq7v1sk3y9tv12yh5/?_rt=c&tmcl=2bchmrj23l9u42d68ntcekob8&ctst=c5hderjlkcoaze51e5wgvptk&live=yes&_pgSz=400&_lcl=en&_fmt=jsonp&sps=widgets&_clbk=W3f8683626a5354e365fdbdc805988c46f6c2c361a,https://api.performfeeds.com/soccerdata/seasonstats/ft1tiv1inq7v1sk3y9tv12yh5/?_rt=c&tmcl=2bchmrj23l9u42d68ntcekob8&ctst=c5hderjlkcoaze51e5wgvptk&_lcl=en&_fmt=jsonp&sps=widgets&_clbk=W39ba3c55c314db66250770f9edb12ae2be2cecc5f,Eintracht_Frankfurt
FC Augsburg,https://www.scoresway.com/en_GB/soccer/bundesliga-2025-2026/2bchmrj23l9u42d68ntcekob8/teams/fc-augsburg/ex3psl8e3ajeypwjy4xfltpx6,https://omo.akamai.opta.net/image.php?h=www.scoresway.com&sport=football&entity=team&description=badges&dimensions=150&id=ex3psl8e3ajeypwjy4xfltpx6,ex3psl8e3ajeypwjy4xfltpx6,2bchmrj23l9u42d68ntcekob8,bundesliga-2025-2026,https://api.performfeeds.com/soccerdata/squads/ft1tiv1inq7v1sk3y9tv12yh5/?_rt=c&ctst=ex3psl8e3ajeypwjy4xfltpx6&tmcl=2bchmrj23l9u42d68ntcekob8&_pgSz=50&_pgNm=1&_lcl=en&_fmt=jsonp&sps=widgets&_clbk=W3334a02401f07adb615210f35a07e913da76c491b,https://api.performfeeds.com/soccerdata/match/ft1tiv1inq7v1sk3y9tv12yh5/?_rt=c&tmcl=2bchmrj23l9u42d68ntcekob8&ctst=ex3psl8e3ajeypwjy4xfltpx6&live=yes&_pgSz=400&_lcl=en&_fmt=jsonp&sps=widgets&_clbk=W3a87fa4c9fce68bdf0a950e8f276168016c92589a,https://api.performfeeds.com/soccerdata/seasonstats/ft1tiv1inq7v1sk3y9tv12yh5/?_rt=c&tmcl=2bchmrj23l9u42d68ntcekob8&ctst=ex3psl8e3ajeypwjy4xfltpx6&_lcl=en&_fmt=jsonp&sps=widgets&_clbk=W30dbac70306a1c7ce1486520c4c675da17f52387f,FC_Augsburg
FC Bayern München,https://www.scoresway.com/en_GB/soccer/bundesliga-2025-2026/2bchmrj23l9u42d68ntcekob8/teams/fc-bayern-münchen/apoawtpvac4zqlancmvw4nk4o,https://omo.akamai.opta.net/image.php?h=www.scoresway.com&sport=football&entity=team&description=badges&dimensions=150&id=apoawtpvac4zqlancmvw4nk4o,apoawtpvac4zqlancmvw4nk4o,2bchmrj23l9u42d68ntcekob8,bundesliga-2025-2026,https://api.performfeeds.com/soccerdata/squads/ft1tiv1inq7v1sk3y9tv12yh5/?_rt=c&ctst=apoawtpvac4zqlancmvw4nk4o&tmcl=2bchmrj23l9u42d68ntcekob8&_pgSz=50&_pgNm=1&_lcl=en&_fmt=jsonp&sps=widgets&_clbk=W3681ce8995c63df1ea7b4e728690d21ddf7bdb773,https://api.performfeeds.com/soccerdata/match/ft1tiv1inq7v1sk3y9tv12yh5/?_rt=c&tmcl=2bchmrj23l9u42d68ntcekob8&ctst=apoawtpvac4zqlancmvw4nk4o&live=yes&_pgSz=400&_lcl=en&_fmt=jsonp&sps=widgets&_clbk=W31010aaef8c67aec17f0eb89b9a2e9249f7dc9344,https://api.performfeeds.com/soccerdata/seasonstats/ft1tiv1inq7v1sk3y9tv12yh5/?_rt=c&tmcl=2bchmrj23l9u42d68ntcekob8&ctst=apoawtpvac4zqlancmvw4nk4o&_lcl=en&_fmt=jsonp&sps=widgets&_clbk=W353933cc20239bad53a1e5b95cf7d73e2564f95ee,FC_Bayern_München
FC St. Pauli,https://www.scoresway.com/en_GB/soccer/bundesliga-2025-2026/2bchmrj23l9u42d68ntcekob8/teams/fc-st-pauli/85jtaw5dcxxx1yp8te6axh3p8,https://omo.akamai.opta.net/image.php?h=www.scoresway.com&sport=football&entity=team&description=badges&dimensions=150&id=85jtaw5dcxxx1yp8te6axh3p8,85jtaw5dcxxx1yp8te6axh3p8,2bchmrj23l9u42d68ntcekob8,bundesliga-2025-2026,https://api.performfeeds.com/soccerdata/squads/ft1tiv1inq7v1sk3y9tv12yh5/?_rt=c&ctst=85jtaw5dcxxx1yp8te6axh3p8&tmcl=2bchmrj23l9u42d68ntcekob8&_pgSz=50&_pgNm=1&_lcl=en&_fmt=jsonp&sps=widgets&_clbk=W316b75a79504f06edacb1be77976517653a9a99dc,https://api.performfeeds.com/soccerdata/match/ft1tiv1inq7v1sk3y9tv12yh5/?_rt=c&tmcl=2bchmrj23l9u42d68ntcekob8&ctst=85jtaw5dcxxx1yp8te6axh3p8&live=yes&_pgSz=400&_lcl=en&_fmt=jsonp&sps=widgets&_clbk=W3c77ec403d7f6750a3a77e7976ccac15b39ecb2da,https://api.performfeeds.com/soccerdata/seasonstats/ft1tiv1inq7v1sk3y9tv12yh5/?_rt=c&tmcl=2bchmrj23l9u42d68ntcekob8&ctst=85jtaw5dcxxx1yp8te6axh3p8&_lcl=en&_fmt=jsonp&sps=widgets&_clbk=W301d1b1e2ea375a44be7cd4c2f1b023ae67c03fbb,FC_St._Pauli
Hamburger SV,https://www.scoresway.com/en_GB/soccer/bundesliga-2025-2026/2bchmrj23l9u42d68ntcekob8/teams/hamburger-sv/75xi6hloabmnjn2kzgj1g8h1s,https://omo.akamai.opta.net/image.php?h=www.scoresway.com&sport=football&entity=team&description=badges&dimensions=150&id=75xi6hloabmnjn2kzgj1g8h1s,75xi6hloabmnjn2kzgj1g8h1s,2bchmrj23l9u42d68ntcekob8,bundesliga-2025-2026,https://api.performfeeds.com/soccerdata/squads/ft1tiv1inq7v1sk3y9tv12yh5/?_rt=c&ctst=75xi6hloabmnjn2kzgj1g8h1s&tmcl=2bchmrj23l9u42d68ntcekob8&_pgSz=50&_pgNm=1&_lcl=en&_fmt=jsonp&sps=widgets&_clbk=W39f07f8c95fe65b2f4d96f77a71f66795fa804e9c,https://api.performfeeds.com/soccerdata/match/ft1tiv1inq7v1sk3y9tv12yh5/?_rt=c&tmcl=2bchmrj23l9u42d68ntcekob8&ctst=75xi6hloabmnjn2kzgj1g8h1s&live=yes&_pgSz=400&_lcl=en&_fmt=jsonp&sps=widgets&_clbk=W3818d3d1af7a54fd1b79cef9dd3798b12ae58bbb4,https://api.performfeeds.com/soccerdata/seasonstats/ft1tiv1inq7v1sk3y9tv12yh5/?_rt=c&tmcl=2bchmrj23l9u42d68ntcekob8&ctst=75xi6hloabmnjn2kzgj1g8h1s&_lcl=en&_fmt=jsonp&sps=widgets&_clbk=W3bab706761afa2d398ce769747e2aaed65be00874,Hamburger_SV
RasenBallsport Leipzig,https://www.scoresway.com/en_GB/soccer/bundesliga-2025-2026/2bchmrj23l9u42d68ntcekob8/teams/rasenballsport-leipzig/9gefq4dz9b2hl8rqrxwrlrzmp,https://omo.akamai.opta.net/image.php?h=www.scoresway.com&sport=football&entity=team&description=badges&dimensions=150&id=9gefq4dz9b2hl8rqrxwrlrzmp,9gefq4dz9b2hl8rqrxwrlrzmp,2bchmrj23l9u42d68ntcekob8,bundesliga-2025-2026,https://api.performfeeds.com/soccerdata/squads/ft1tiv1inq7v1sk3y9tv12yh5/?_rt=c&ctst=9gefq4dz9b2hl8rqrxwrlrzmp&tmcl=2bchmrj23l9u42d68ntcekob8&_pgSz=50&_pgNm=1&_lcl=en&_fmt=jsonp&sps=widgets&_clbk=W3ef6bdb010dbc868b8842a55ce3de6c28193b12ec,https://api.performfeeds.com/soccerdata/match/ft1tiv1inq7v1sk3y9tv12yh5/?_rt=c&tmcl=2bchmrj23l9u42d68ntcekob8&ctst=9gefq4dz9b2hl8rqrxwrlrzmp&live=yes&_pgSz=400&_lcl=en&_fmt=jsonp&sps=widgets&_clbk=W39d5730d214e2d5a9856e851c1f56e3902cbbd79d,https://api.performfeeds.com/soccerdata/seasonstats/ft1tiv1inq7v1sk3y9tv12yh5/?_rt=c&tmcl=2bchmrj23l9u42d68ntcekob8&ctst=9gefq4dz9b2hl8rqrxwrlrzmp&_lcl=en&_fmt=jsonp&sps=widgets&_clbk=W37c6b3757174ea89f0ba8f36285a39d2317a953e7,RasenBallsport_Leipzig
SC Freiburg,https://www.scoresway.com/en_GB/soccer/bundesliga-2025-2026/2bchmrj23l9u42d68ntcekob8/teams/sc-freiburg/6k5zscdm9ufw0tguvzyjlp5hq,https://omo.akamai.opta.net/image.php?h=www.scoresway.com&sport=football&entity=team&description=badges&dimensions=150&id=6k5zscdm9ufw0tguvzyjlp5hq,6k5zscdm9ufw0tguvzyjlp5hq,2bchmrj23l9u42d68ntcekob8,bundesliga-2025-2026,https://api.performfeeds.com/soccerdata/squads/ft1tiv1inq7v1sk3y9tv12yh5/?_rt=c&ctst=6k5zscdm9ufw0tguvzyjlp5hq&tmcl=2bchmrj23l9u42d68ntcekob8&_pgSz=50&_pgNm=1&_lcl=en&_fmt=jsonp&sps=widgets&_clbk=W30702134c0a809f740515d453654499fcdd811b94,https://api.performfeeds.com/soccerdata/match/ft1tiv1inq7v1sk3y9tv12yh5/?_rt=c&tmcl=2bchmrj23l9u42d68ntcekob8&ctst=6k5zscdm9ufw0tguvzyjlp5hq&live=yes&_pgSz=400&_lcl=en&_fmt=jsonp&sps=widgets&_clbk=W3b50f6eedea2342830d4abb1b964ac368f5c21f32,https://api.performfeeds.com/soccerdata/seasonstats/ft1tiv1inq7v1sk3y9tv12yh5/?_rt=c&tmcl=2bchmrj23l9u42d68ntcekob8&ctst=6k5zscdm9ufw0tguvzyjlp5hq&_lcl=en&_fmt=jsonp&sps=widgets&_clbk=W33678451f63018ab956a4c1932b1d17d25514cd3e,SC_Freiburg
SV Werder Bremen,https://www.scoresway.com/en_GB/soccer/bundesliga-2025-2026/2bchmrj23l9u42d68ntcekob8/teams/sv-werder-bremen/cu0eztmjcsbydyp53aleznorw,https://omo.akamai.opta.net/image.php?h=www.scoresway.com&sport=football&entity=team&description=badges&dimensions=150&id=cu0eztmjcsbydyp53aleznorw,cu0eztmjcsbydyp53aleznorw,2bchmrj23l9u42d68ntcekob8,bundesliga-2025-2026,https://api.performfeeds.com/soccerdata/squads/ft1tiv1inq7v1sk3y9tv12yh5/?_rt=c&ctst=cu0eztmjcsbydyp53aleznorw&tmcl=2bchmrj23l9u42d68ntcekob8&_pgSz=50&_pgNm=1&_lcl=en&_fmt=jsonp&sps=widgets&_clbk=W36cccde2e6ce2bd96ecd7cf32e14786461ccd72bd,https://api.performfeeds.com/soccerdata/match/ft1tiv1inq7v1sk3y9tv12yh5/?_rt=c&tmcl=2bchmrj23l9u42d68ntcekob8&ctst=cu0eztmjcsbydyp53aleznorw&live=yes&_pgSz=400&_lcl=en&_fmt=jsonp&sps=widgets&_clbk=W31445191a8e2b818cbcc93ac8d598575f7c595259,https://api.performfeeds.com/soccerdata/seasonstats/ft1tiv1inq7v1sk3y9tv12yh5/?_rt=c&tmcl=2bchmrj23l9u42d68ntcekob8&ctst=cu0eztmjcsbydyp53aleznorw&_lcl=en&_fmt=jsonp&sps=widgets&_clbk=W3453ade1e5e857c680a1628aaf854d03a4b83cfa8,SV_Werder_Bremen
TSG 1899 Hoffenheim,https://www.scoresway.com/en_GB/soccer/bundesliga-2025-2026/2bchmrj23l9u42d68ntcekob8/teams/tsg-1899-hoffenheim/4l9mrqzmajz5crzlz50mtbt6x,https://omo.akamai.opta.net/image.php?h=www.scoresway.com&sport=football&entity=team&description=badges&dimensions=150&id=4l9mrqzmajz5crzlz50mtbt6x,4l9mrqzmajz5crzlz50mtbt6x,2bchmrj23l9u42d68ntcekob8,bundesliga-2025-2026,https://api.performfeeds.com/soccerdata/squads/ft1tiv1inq7v1sk3y9tv12yh5/?_rt=c&ctst=4l9mrqzmajz5crzlz50mtbt6x&tmcl=2bchmrj23l9u42d68ntcekob8&_pgSz=50&_pgNm=1&_lcl=en&_fmt=jsonp&sps=widgets&_clbk=W38e124b3539ea7a46d9b9036aee4cf5493c3491d7,https://api.performfeeds.com/soccerdata/match/ft1tiv1inq7v1sk3y9tv12yh5/?_rt=c&tmcl=2bchmrj23l9u42d68ntcekob8&ctst=4l9mrqzmajz5crzlz50mtbt6x&live=yes&_pgSz=400&_lcl=en&_fmt=jsonp&sps=widgets&_clbk=W31fccb145aeb83b6c02fcf8dcd150a7491212713a,https://api.performfeeds.com/soccerdata/seasonstats/ft1tiv1inq7v1sk3y9tv12yh5/?_rt=c&tmcl=2bchmrj23l9u42d68ntcekob8&ctst=4l9mrqzmajz5crzlz50mtbt6x&_lcl=en&_fmt=jsonp&sps=widgets&_clbk=W39b1265aa205eaedc0cf92df34906b1f67d12d5ae,TSG_1899_Hoffenheim
VfB Stuttgart 1893,https://www.scoresway.com/en_GB/soccer/bundesliga-2025-2026/2bchmrj23l9u42d68ntcekob8/teams/vfb-stuttgart-1893/3dwlvz6cl4lcavvrg0y2dycrt,https://omo.akamai.opta.net/image.php?h=www.scoresway.com&sport=football&entity=team&description=badges&dimensions=150&id=3dwlvz6cl4lcavvrg0y2dycrt,3dwlvz6cl4lcavvrg0y2dycrt,2bchmrj23l9u42d68ntcekob8,bundesliga-2025-2026,https://api.performfeeds.com/soccerdata/squads/ft1tiv1inq7v1sk3y9tv12yh5/?_rt=c&ctst=3dwlvz6cl4lcavvrg0y2dycrt&tmcl=2bchmrj23l9u42d68ntcekob8&_pgSz=50&_pgNm=1&_lcl=en&_fmt=jsonp&sps=widgets&_clbk=W3fe440ead6949fd6796064b50628f75b7752fb72a,https://api.performfeeds.com/soccerdata/match/ft1tiv1inq7v1sk3y9tv12yh5/?_rt=c&tmcl=2bchmrj23l9u42d68ntcekob8&ctst=3dwlvz6cl4lcavvrg0y2dycrt&live=yes&_pgSz=400&_lcl=en&_fmt=jsonp&sps=widgets&_clbk=W363e84e6b5c7ac89995d78d28dc5634557427efec,https://api.performfeeds.com/soccerdata/seasonstats/ft1tiv1inq7v1sk3y9tv12yh5/?_rt=c&tmcl=2bchmrj23l9u42d68ntcekob8&ctst=3dwlvz6cl4lcavvrg0y2dycrt&_lcl=en&_fmt=jsonp&sps=widgets&_clbk=W33324f1bd691baf4bf6062f13a83a5528ed61c251,VfB_Stuttgart_1893
VfL Wolfsburg,https://www.scoresway.com/en_GB/soccer/bundesliga-2025-2026/2bchmrj23l9u42d68ntcekob8/teams/vfl-wolfsburg/a8l3w3n0j99qjlsxj3jnmgkz1,https://omo.akamai.opta.net/image.php?h=www.scoresway.com&sport=football&entity=team&description=badges&dimensions=150&id=a8l3w3n0j99qjlsxj3jnmgkz1,a8l3w3n0j99qjlsxj3jnmgkz1,2bchmrj23l9u42d68ntcekob8,bundesliga-2025-2026,https://api.performfeeds.com/soccerdata/squads/ft1tiv1inq7v1sk3y9tv12yh5/?_rt=c&ctst=a8l3w3n0j99qjlsxj3jnmgkz1&tmcl=2bchmrj23l9u42d68ntcekob8&_pgSz=50&_pgNm=1&_lcl=en&_fmt=jsonp&sps=widgets&_clbk=W3dfce83049128f0234806dcb83cbfe6600c4c513c,https://api.performfeeds.com/soccerdata/match/ft1tiv1inq7v1sk3y9tv12yh5/?_rt=c&tmcl=2bchmrj23l9u42d68ntcekob8&ctst=a8l3w3n0j99qjlsxj3jnmgkz1&live=yes&_pgSz=400&_lcl=en&_fmt=jsonp&sps=widgets&_clbk=W397a371d2ccc174f2e61549a178eb9631edb78ef5,https://api.performfeeds.com/soccerdata/seasonstats/ft1tiv1inq7v1sk3y9tv12yh5/?_rt=c&tmcl=2bchmrj23l9u42d68ntcekob8&ctst=a8l3w3n0j99qjlsxj3jnmgkz1&_lcl=en&_fmt=jsonp&sps=widgets&_clbk=W387bf22a13d5fc9509f5de540eee64ed51e80f51a,VfL_Wolfsburg
